smiles,fusH
C1Cc2cccc3cccc1c23,21.49
c1cc2cccc3C=Cc(c1)c23,6.9
CC=O,2.31
CC(N)=O,15.59
CC(=O)Nc1ccc(O)cc1,30.5
CC(=O)Nc1ccccc1,21.3
CC(O)=O,11.73
CC(=O)OC(C)=O,10.5
CC(C)=O,5.77
CC#N,8.16
OC(=O)C=C,9.51
C=CC#N,6.23
[CH2]=[C]=[CH2],4.4
C=CCC1(CC=C)C(=O)NC(=O)NC1=O,32.3
Nc1ccccc1C(O)=O,20.5
Nc1ccc(cc1)C(O)=O,22.5
NCCCO,19.7
CN(C)C1=C(C)N(C)N(c2ccccc2)C1=O,27.6
CN1N(c2ccccc2)C(=O)C(=C1C)N,24.9
Nc1ccccc1,10.54
COc1ccccc1,12.9
c1ccc2cc3ccccc3cc2c1,29.4
CN1N(C(=O)C=C1C)c2ccccc2,27.3
c1ccc(cc1)N=Nc2ccccc2,22.52
[O-][N+](=Nc1ccccc1)c2ccccc2,17.9
CCC1(CC)C(=O)NC(=O)NC1=O,24.7
O=Cc1ccccc1,9.32
NC(=O)c1ccccc1,19.5
c1ccc2cc3c(ccc4ccccc34)cc2c1,21.4
c1ccccc1,9.87
OC(=O)Cc1ccccc1,16.3
Nc1ccccc1N,23.1
Nc1cccc(N)c1,15.57
Nc1ccc(N)cc1,23.8
Sc1ccccc1,11.48
Nc1ccc(cc1)c2ccc(N)cc2,19.1
O=C(c1ccccc1)C(=O)c2ccccc2,23.5
CCOC(=O)c1ccc(N)cc1,22.3
OC(=O)c1ccccc1,18.02
N#Cc1ccccc1,9.1
c1ccc2c(c1)ccc3ccc4ccccc4c23,16.3
O=C(c1ccccc1)c2ccccc2,18.19
c1ccc2c(c1)cc3ccc4cccc5ccc2c3c45,17.3
c1ccc2c(c1)c3cccc4ccc5cccc2c5c34,16.6
O=C1C=CC(=O)C=C1,18.5
ClC(=O)c1ccccc1,19.2
OCc1ccccc1,8.97
c1ccc2cc(ccc2c1)c3ccc4ccccc4c3,38.9
c1ccc(cc1)c2ccccc2,18.57
Brc1ccccc1,10.7
CCCCBr,9.23
CCC(C)Br,6.89
CCBr,7.47
BrC=C,5.12
CCCCCCCBr,21.8
CCCCCCBr,18.1
CBr,5.98
Brc1cccc2ccccc12,15.2
Brc1ccc2ccccc2c1,14.4
CCCCCCCCBr,24.7
CCCCCBr,14.37
CCCBr,6.44
CC(C)Br,6.53
ClC(Cl)(Cl)Br,2.53
C[CH]=[C]=[CH2],6.96
C=CC=C,7.98
CCCC=O,10.77
CCCC,4.66
OCCCCO,18.7
CCCCS,10.46
CCCC(O)=O,11.59
CCCCO,9.37
CCC(C)O,5.97
CCC(C)=O,8.39
CCC=C,3.96
C\C=C/C,7.31
C\C=C\C,9.76
C\C=C/C(O)=O,12.6
C/C=C/C(O)=O,13
CC(C)(C)N,0.882
CCCCc1ccccc1,11.22
CCCCC1CCCCC1,14.16
CCCCOC,10.85
CCC#C,6.03
CC#CC,9.23
O=C1CCCO1,9.57
Cn1cnc2N(C)C(=O)N(C)C(=O)c12,22
[nH]1c2ccccc2c3ccccc13,24.1
O=C=O,9.02
[Se]=C=[Se],6.36
S=C=S,4.39
C=O,0.833
C.O=S,4.73
ClC(Cl)=O,5.74
OC(=O)CCl,12.28
Nc1ccccc1Cl,11.9
Nc1cccc(Cl)c1,10.15
Nc1ccc(Cl)cc1,20
Clc1ccccc1,9.6
OC(=O)c1ccccc1Cl,25.6
ClC1CCCCC1,2.043
FC(F)Cl,4.12
CCCl,4.45
ClC=C,4.92
CCl,6.43
CC(C)(C)Cl,2.07
Clc1cccc2ccccc12,12.9
Clc1ccc2ccccc2c1,14
[O-][N+](=O)c1ccccc1Cl,17.9
[O-][N+](=O)c1cccc(Cl)c1,19.4
[O-][N+](=O)c1ccc(Cl)cc1,14.1
FC(F)(F)C(F)(F)Cl,1.86
Oc1ccccc1Cl,13
Oc1cccc(Cl)c1,14.9
Oc1ccc(Cl)cc1,14.1
CCCCl,5.54
CC(C)Cl,7.39
Cc1ccccc1Cl,9.6
FC(F)=C(F)Cl,5.55
c1ccc2c(c1)ccc3c4ccccc4ccc23,26.2
c1cc2ccc3ccc4ccc5ccc6ccc1c7c2c3c4c5c67,19.2
Cc1ccccc1O,15.82
Cc1cccc(O)c1,10.71
Cc1ccc(O)cc1,12.71
NC#N,7.27
N#CC#N,8.11
C1CCC1,1.09
C1CCCCCC1,1.88
OC1CCCCCC1,1.6
C1CCCCC1,2.68
OC1CCCCC1,1.78
O=C1CCCCC1,1.328
C1CCC=CC1,3.29
NC1CCCCC1,17.5
C1CCC(CC1)c2ccccc2,15.6
C1CCCCCCC1,2.41
C1CCCC1,0.61
OC1CCCC1,1.535
C1CC=CC1,3.36
NC1CCCC1,8.31
C1CC1,5.44
NC1CC1,13.18
C1CC[C@@H]2CCCC[C@@H]2C1,9.49
C1CC[C@@H]2CCCC[C@H]2C1,14.41
CCCCCCCCCC=O,34.5
CCCCCCCCCC,28.72
CCCCCCCCCC(O)=O,27.8
CCCCCCCCCCO,43
CCCCCCCCC=C,13.81
BrCCBr,10.89
CC(Br)CBr,8.94
BrCCCBr,14.6
FC(F)(Br)C(F)(F)Br,7.04
Clc1ccccc1Cl,12.4
Clc1cccc(Cl)c1,12.6
Clc1ccc(Cl)cc1,18.19
CC(Cl)Cl,7.87
ClCCCl,8.84
ClC(Cl)=C,6.51
Cl\C=C/Cl,7.2
ClCCl,4.6
CC(Cl)CCl,6.4
CC(C)(Cl)Cl,2.3
FC(F)(Cl)C(F)(F)Cl,1.51
CCOCC,7.19
CCC(CC)(CC)CC,10.09
CCSCC,10.9
Fc1ccccc1F,11.05
Fc1cccc(F)c1,8.58
CC(C)OC(C)C,12.04
COCCOC,12.6
COCOC,8.33
CNC,5.94
CCC(C)(C)C,0.58
CC(C)C(C)C,0.79
CC(C)=C(C)C,6.45
CC1(C)CCCCC1,2.07
C[C@@H]1CCCC[C@@H]1C,1.64
C[C@@H]1CCCC[C@H]1C,10.49
C[C@H]1CCC[C@@H](C)C1,10.82
C[C@H]1CCC[C@H](C)C1,9.87
C[C@@H]1CC[C@H](C)CC1,9.31
C[C@@H]1CC[C@@H](C)CC1,12.33
CSSC,9.19
COC,4.94
CN(C)C=O,7.9
CN(C)N,10.07
CNNC,13.64
COC(=O)C(=O)OC,21.1
CCCC(C)(C)C,5.82
CC(C)CC(C)C,6.85
CCC(C)(C)CC,6.85
CSC,7.99
C[S](C)(=O)=O,18.3
C[S](C)=O,14.37
CN(C)C(N)=O,23
CNC(=O)NC,13
C[Zn]C,6.83
C1COCCO1,12.84
C1COCO1,6.57
N(c1ccccc1)c2ccccc2,18.5
O(c1ccccc1)c2ccccc2,17.22
C(c1ccccc1)c2ccccc2,18.6
CCCOCCC,10.8
C=COC=C,7.9
CCCCCCCCCCCCCCCCCCCCCC,48.8
CCCCCCCCCCCC,36.8
CCCCCCCCCCCC(O)=O,36.3
CCCCCCCCCCCCO,40.2
CCCCCCCCCCC=C,19.9
CCCCCCCCCCCCCCCCCCCCCCCCCCCCCCCC,75.8
CCCCCCCCCCCCCCCCCCCC,69.9
CCCCCCCCCCCCCCCCCCCCO,42
C[C@]12CC[C@H]3[C@@H](CCc4cc(OC(=O)c5ccccc5)ccc34)[C@@H]1CC[C@@H]2O,41.8
CC,2.72
NCCN,22.58
OCCO,9.96
CCS,4.98
CCO,4.931
C[C@]12CC[C@H]3[C@@H](CCc4cc(O)ccc34)[C@@H]1CC[C@@]2(O)C#C,27.9
CCOC(C)=O,10.48
CCc1ccccc1,9.18
CCC1CCCCC1,8.33
C=C,3.35
CCSC,9.76
CCC(CC)CC,9.55
CCc1ccccc1C,9.96
CCc1cccc(C)c1,7.6
CCc1ccc(C)cc1,12.7
c1ccc2c(c1)c3cccc4cccc2c34,18.69
C1c2ccccc2c3ccccc13,19.58
Fc1ccccc1,11.31
NC=O,8.44
OC=O,12.68
o1cccc1,3.8
O=Cc1occc1,14.37
OCc1occc1,13.13
OCC(O)CO,18.3
CCCCCCCCCCCCCCCCCCCCC,45.21
CCCCCCCCCCCCCCCCCCCCCCCCCCC,61.9
CCCCCCCCCCCCCCCCC,40.16
CCCCCCC=O,23.2
CCCCCCC,14.03
CCCCCCC(O)=O,15.13
CCCCCCCO,18.17
CCCCCC=C,12.41
Clc1c(Cl)c(Cl)c(Cl)c(Cl)c1Cl,25.2
ClC(Cl)(Cl)C(Cl)(Cl)Cl,9.75
CCCCCCCCCCCCCCCCCCCCCCCCCCCCCCCCCCCCCCCCCCCCCCCCCCCCCCCCCCCC,193.2
CCCCCCCCCCCCCCCCCCCCCCCCCC,60
CCCCCCCCCCCCCCCC,53.36
CCCCCCCCCCCCCCCC(O)=O,53.7
CCCCCCCCCCCCCCCCO,33.6
Fc1c(F)c(F)c(F)c(F)c1F,11.59
FC(F)(F)C(F)(F)F,2.69
Cc1c(C)c(C)c(C)c(C)c1C,20.6
CCCCCC=O,13.3
CCCCCC,13.08
OC(=O)CCCCC(O)=O,36.3
OCCCCCCO,22.2
CCCCCCO,15.38
CCCCC(C)=O,14.9
CCCC(=O)CC,13.49
CCCCCCCCCCCCCCCCCCCCCCCCCCCCCCCCCCCCCCCCCCCCCC,176
CCCCCCCCCCCCCCCCCCCCCCCCCCCCCCCCCCCC,87.7
CCCCC=C,9.35
CCC\C=C/C,8.88
C#N,8.41
Oc1ccc(O)cc1,26.8
OC(=O)c1ccccc1O,14.2
[nH]1ccnc1,12.82
C1Cc2ccccc2C1,8.6
C1C=Cc2ccccc12,10.2
COc1ccc2n(c(C)c(CC(O)=O)c2c1)C(=O)c3ccc(Cl)cc3,36.9
Ic1ccccc1,9.75
CC(C)C,4.54
CC(C)=C,5.92
CCC(C)C,5.15
CC(C)N,7.33
CC(C)c1ccccc1,7.33
CC(C)c1ccc(C)cc1,9.66
c1ccc2cnccc2c1,13.54
COc1c2occc2c(OC)c3C(=O)C=C(C)Oc13,32.3
O=C1OC(=O)C=C1,13.6
C,0.94
CS,5.91
CO,3.215
COC(C)=O,7.49
CN,6.13
Cc1ccccc1N,11.66
Cc1cccc(N)c1,7.9
Cc1ccc(N)cc1,18.9
COC(=O)c1ccccc1,9.74
CC(=C)C=C,4.93
CCC(C)(C)O,4.46
CC(C)C(C)=O,9.34
CCC(C)=C,7.91
CC(C)C=C,5.36
CC=C(C)C,7.6
COC(C)(C)C,7.6
CC1CCCCC1,6.75
CC1CCCC1,6.93
CC1CC1,2.8
Cc1occc1,8.55
CCCCCC(C)C,11.92
CCCCC(C)CC,11.69
CCCC(C)CCC,10.8
CCCCC(C)C,9.19
CNN,10.42
COC(=O)C(C)=C,14.4
Cc1cccc2ccccc12,6.95
Cc1ccc2ccccc2c1,12.13
CO[N+]([O-])=O,8.24
CC1CO1,6.53
CCCC(C)C,6.27
CCC(C)CC,5.3
CC(C)CO,6.32
CC(C)(C)O,6.7
Cc1ccccn1,9.72
Cc1cccnc1,14.18
Cc1ccncc1,12.58
CNC(N)=O,14
C1COCCN1,14.5
c1ccc2ccccc2c1,19.01
Oc1cccc2ccccc12,23.1
Oc1ccc2ccccc2c1,18.1
CC(C)(C)C,3.1
NC(=O)c1cccnc1,23.2
Nc1ccccc1[N+]([O-])=O,16.1
Nc1cccc(c1)[N+]([O-])=O,23.6
Nc1ccc(cc1)[N+]([O-])=O,21.2
[O-][N+](=O)c1ccccc1,12.12
CC[N+]([O-])=O,9.85
C[N+]([O-])=O,9.7
Oc1ccccc1[N+]([O-])=O,17.7
Oc1cccc(c1)[N+]([O-])=O,20.6
Oc1ccc(cc1)[N+]([O-])=O,18.8
O=Nc1ccccc1,31
Cc1ccc(cc1)[N+]([O-])=O,16.81
CCCCCCCCCCCCCCCCCCCCCCCCCCCCC,66.9
CCCCCCCCCCCCCCCCCCC,45.8
CCCCCCCCC=O,30.5
CCCCCCCCC,15.47
CCCCCCCCC(O)=O,19.82
CCCCC(=O)CCCC,24.93
CCCCCCCCCCCCCCCCCCCCCCCCCCCC,65.1
CCCCCCCCCCCCCCCCCC,61.7
CCCCCCCCCCCCCCCCCCO,45
CCCCCCCC,20.73
CCCCCCCC(O)=O,21.35
CCCCCCCCO,23.7
CCCCCCCCCCCCCCCCCCCCCCCCCCCCCCCCCCCCCC,133.2
CCCCCCC=C,15.31
O=C1CCCCCO1,13.83
C1COC1,6.5
C1CO1,5.17
CC(=O)CCC(O)=O,9.22
CC1OC(C)OC(C)O1,13.5
ClC(Cl)C(Cl)(Cl)Cl,11.3
CCCCCCCCCCCCCCCCCCCCCCCCCCCCCCCCCCCCCCCCCCCCCCCCCC,162.4
CCCCCCCCCCCCCCCCCCCCCCCCC,56.9
CCCCCCCCCCCCCCC,34.6
C\C=C/C=C,5.64
C/C=C/C=C,7.14
C=CCC=C,6.12
OCC(CO)(CO)CO,4.8
Fc1cc(F)c(F)c(F)c1F,10.87
Oc1c(F)c(F)c(F)c(F)c1F,16.41
Cc1c(F)c(F)c(F)c(F)c1F,13.1
CCCCC,8.4
OC(=O)CCCC(O)=O,20.3
CCCCC#N,9
CCCCCS,17.53
CCCCC(O)=O,14.16
CCCCCO,10.5
CCCC(C)=O,10.63
CCC(=O)CC,11.59
CCCCCCCCCCCCCCCCCCCCCCCCCCCCCCCCCCC,86.3
CCCC=C,5.94
CC\C=C/C,7.11
CC/C=C/C,8.35
FC(F)(F)C(=O)C(F)(F)F,8.38
FC(F)(F)C(F)(F)C(F)(F)C(F)(F)F,7.66
FC1(F)C(F)(F)C(F)(F)C1(F)F,2.77
FC(F)(F)C(F)(F)C(F)(F)C(F)(F)C(F)(F)C(F)(F)C(F)(F)F,6.95
FC(F)(F)C(F)(F)C(F)(F)C(F)(F)C(F)(F)C(F)(F)F,6.84
FC(F)(F)C(F)(F)C(F)(F)F,0.477
Fc1c(F)c(F)c(c(F)c1F)C(F)(F)F,11.54
c1cc2cccc3c4cccc5cccc(c(c1)c23)c45,31.9
CCOc1ccc(NC(C)=O)cc1,33
c1ccc2c(c1)ccc3ccccc23,16.46
CCC1(C(=O)NC(=O)NC1=O)c2ccccc2,27.8
Oc1ccccc1,11.51
OC(=O)C(c1ccccc1)c2ccccc2,31.3
CCCCC1C(=O)N(N(C1=O)c2ccccc2)c3ccccc3,27.7
NNc1ccccc1,14.05
C1CCNCC1,14.85
[K+].CC([O-])=O,7.65
CCC,3.5
OCCCO,7.1
CCC#N,5.03
CCCS,5.48
CC(C)S,5.74
CCC(O)=O,10.66
CCCO,5.37
CC(C)O,5.41
CC=C,3.003
CCCN,10.97
CCCc1ccccc1,9.27
CCCC1CCCCC1,10.37
c1cnccn1,12.9
[nH]1cccn1,14
c1cc2ccc3cccc4ccc(c1)c2c34,17.36
c1ccncc1,8.28
Oc1ccccc1O,22.8
[nH]1cccc1,7.91
C1CCNC1,8.58
c1ccc2ncccc2c1,10.66
Oc1cccc(O)c1,20.4
OC(=O)CCCCCCCCC(O)=O,40.8
[Na+].CC([O-])=O,17.9
[Na+].OC([O-])=O,25
C1CC12CC2,6.43
CCCCCCCCCCCCCCCCCC(O)=O,61.2
c1ccc(cc1)\C=C\c2ccccc2,27.7
C=Cc1ccccc1,10.9
OC(=O)CCC(O)=O,32.4
O=C1CCC(=O)O1,20.4
N#CCCC#N,3.7
CC(=O)N[S](=O)(=O)c1ccc(N)cc1,22.4
Nc1ccc(cc1)[S](=O)(=O)Nc2ncccn2,42.6
Cc1ccnc(N[S](=O)(=O)c2ccc(N)cc2)n1,38.7
Cc1onc(N[S](=O)(=O)c2ccc(N)cc2)c1,32.2
COc1ccc(N[S](=O)(=O)c2ccc(N)cc2)nn1,31.3
Nc1ccc(cc1)[S](=O)(=O)Nc2ccccn2,34.4
Nc1ccc(cc1)[S](=O)(=O)Nc2sccn2,26.4
Cc1noc(N[S](=O)(=O)c2ccc(N)cc2)c1C,30.2
c1ccc(cc1)c2ccccc2c3ccccc3,17.19
c1ccc(cc1)c2ccc(cc2)c3ccccc3,35.3
BrC(Br)(Br)Br,3.76
ClC(Cl)C(Cl)Cl,9.17
ClC(Cl)=C(Cl)Cl,10.88
ClC(Cl)(Cl)Cl,2.56
CCCCCCCCCCCCCCCCCCCCCCCCCCCCCCCCCCCCCCCC,135.5
CCCCCCCCCCCCCCCCCCCCCCCC,54.4
CCCCCCCCCCCCCC,45.07
CCCCCCCCCCCCCC(O)=O,45.1
CCCCCCCCCCCCCCO,25.1
Fc1cc(F)c(F)c(F)c1,6.36
Fc1cc(F)c(F)cc1F,15.05
FC(F)=C(F)F,7.72
FC(F)(F)F,0.704
C1CCOC1,8.54
C1CCOCC1,1.8
C1CCSC1,7.35
Cc1cc(C)c(C)cc1C,21
C[Pb](C)(C)C,10.8
CCC(C)(C)C(C)(C)C,2.33
CC(C)(C)CC(C)(C)C,9.74
C[Si](C)(C)C,6.87
C[Sn](C)(C)C,9.3
CCCCCCCCCCCCCCCCCCCCCCCCCCCCCCCCCCCCCCCCCCCC,149.6
CCCCCCCCCCCCCCCCCCCCCCCCCCCCCCCCCC,79.4
[nH]1cnnn1,18.2
s1ccnc1,9.57
C1CSC1,8.25
s1cccc1,5.07
NC(N)=S,14
CC(C)c1ccc(C)cc1O,21.3
Cc1ccccc1,6.64
Cc1ccccc1C(O)=O,19.5
Cc1cccc(c1)C(O)=O,15.7
Cc1ccc(cc1)C(O)=O,22.7
CCCCCCCCCCCCCCCCCCCCCCCCCCCCCC,68.3
c1ncncn1,14.56
BrC(Br)Br,11.05
OC(=O)C(Cl)(Cl)Cl,5.9
Clc1cccc(Cl)c1Cl,17.9
Clc1ccc(Cl)c(Cl)c1,16.4
Clc1cc(Cl)cc(Cl)c1,18.1
CC(Cl)(Cl)Cl,2.35
ClCC(Cl)Cl,11.46
ClC=C(Cl)Cl,8.45
FC(Cl)(Cl)Cl,6.89
ClC(Cl)Cl,9.5
FC(F)(Cl)C(F)(Cl)Cl,2.47
CCCCCCCCCCCCCCCCCCCCCCC,50.86
CCCCCCCCCCCCC,28.5
CCCCCCCCCCCCCO,41.4
CC(F)(F)F,6.19
FC(F)F,4.06
IC(I)I,16.44
COc1cc(Cc2cnc(N)nc2N)cc(OC)c1OC,49.4
CN(C)C,7
Cc1cccc(C)c1C,8.18
Cc1ccc(C)c(C)c1,13.19
Cc1cc(C)cc(C)c1,9.51
CC(C)C(C)(C)C,2.26
CC(C)CC(C)(C)C,9.2
[O-][N+](=O)c1cc(cc(c1)[N+]([O-])=O)[N+]([O-])=O,15.4
OCC(O)C(O[N+]([O-])=O)([N+]([O-])=O)[N+]([O-])=O,21.87
Cc1c(cc(cc1[N+]([O-])=O)[N+]([O-])=O)[N+]([O-])=O,22.9
C1OCOCO1,15.11
c1ccc(cc1)N(c2ccccc2)c3ccccc3,24.9
c1ccc2c(c1)c3ccccc3c4ccccc24,24.74
CCCCCCCCCCCCCCCCCCCCCCCCCCCCCCCCC,79.5
CCCCCCCCCCC,22.2
NC(N)=O,13.9
Cc1ccccc1C,13.6
Cc1cccc(C)c1,11.6
Cc1ccc(C)cc1,17.12
Cc1cccc(O)c1C,21
Cc1ccc(C)c(O)c1,23.4
Cc1cccc(C)c1O,18.9
Cc1ccc(O)cc1C,18.1
Cc1cc(C)cc(O)c1,17.4
