smiles,mpK
C1(CCC1)C,111.49
[O-][N+]#N,182.2
FS(F)(=O)=O,137.2
CC(C)N(CCC(c1ccccn1)(c2ccccc2)C(N)=O)C(C)C,367.8
BrBr,265.8
O=C(O)C2=CN(CC)c1c(F)c(c(F)cc1C2=O)N3CC(C)NCC3,512.75
CN(C)C,156
ClC(Cl)(Cl)Cl,250
II,386.5
C#C,192.2
CC(Cl)Cl,176
CC(CO)(CO)[N+](=O)[O-],423
c1cc(sc1)Cl,201
CCCOC(=O)CC,197
CC(=C)OC(=O)C,180
CCCOC=O,180
Cc1c(cc(cc1[N+](=O)[O-])[N+]([O-])=O)[N+]([O-])=O,353
CCc1cccc(CC)c1,189
CC(=CCCC(=O)C)C,206
CC(C)C(C)(C)CC,172
CC(C)(CC)CCC,147
CC(C)(C)CCCC,152
C=C(C)C(C)(C)C,163
CC(C)C(CC)CC,158
CCSCCCC,178
Cc1ccc(CC)cc1C,206
CC(CC)(CC)CC,182
CC(C)CC(C)C(C)C,145
CC(C)CCCC(C)C,170
CC=1CCCCC=1C,189
CCCC1CCCCC1,178
C(=C(Cl)Cl)(C(Cl)(Cl)Cl)Cl,200
CCc1cc(C)cc(CC)c1,199
C=C(C)CC(C)C,149
C/C(C)=C(/C)CCC,158
CC(C)C(C)(C)C(C)C,171
CCC=1CCCCC=1,163
C1CC1CCl,182
CC1CCCC1CC,167.1
CC(C)C1CC1,160
CC(C)CC#CC,180
CCC1CCC1,130
CCC/C=CC,132
CC(=O)OCCOC,208
CCc1cccnc1,196
C1CCCS1,177
BrCCl,185
CC1CO1,161
CC(=C)C=C,127
CC(=O)OC(C)CC,174
CCCCCCC(=O)OCC,207
CCCC#N,161
CCSCC,169
CCSC,167
CCCCC#C,141
CCCCC#CCC,169
CCc1cnc(C)cc1,202
CCc1ccccc1Br,205
COc5ccc(CCN1CCC(CC1)Nc3nc2ccccc2n3Cc4ccc(F)cc4)cc5,422
C1=CC=C(C=C1)C2=CC=C(C=C2)C(=O)CCC(=O)O,459
CCc1ccccc1,178
CCCCCl,150
C1C=CCC1,138
CCCCc1ccccc1,185
OCCOC,188
O=C1C=C(C)CC(C)(C)C1,265
C(CBr)Br,283
CCCCCCCCCCCCCCC=C,277
CCCCCCCCCCCCCCC,282.9
CC(C)OC(=O)/C=C/C(=O)OC(C)C,275
CCc1ccccn1,210
C(CCl)CBr,214
COC(=O)C(Cl)Cl,221
CC(c1ccccc1)c2ccccc2,255
Cc1cc(C)ccc1CC,210
CCC(CC)(CC)CC,240
C=Cc1ccccc1Cl,210
CCCCCCCCCS,253
CCCCCCCCC(C)C,224
ClS(Cl)(=O)=O,219
c1cc(cnc1)CN,252
COC(=O)CCl,241
CC(=O)OCCc1ccccc1,242
CC(C)c1cccc(c1)C(C)C,210
Cc1cccnc1,255
CCCCCCCCCCCCCCCC,291
C1CC[C@@H]2CCCC[C@@H]2C1,230
O=C(OC)CC(=O)OC,211
CCc1ccc2ccccc2c1,265.65
C1(CC1)C,95.84
c1cc(cc(c1)S(=O)(=O)Cl)[N+](=O)[O-],334
CCc1ccc(cc1)CC,230
CC(Cl)(F)F,142
O=C=S,134
CC1CC=CC1,112
CC1(CC)CCCC1,129
CCC1CC1,124
CC1(CC)CC1,143
CC1CC1(C)C,135
C=CC=C/C,132
Clc1ccc2N=C(C[N+]([O-])=C(c2c1)c3ccccc3)NC,509
CCS,125
C=CC,88
C1(=C(C(=C(C(=C1Cl)Cl)Cl)Cl)Cl)C2=C(C(=C(C(=C2Cl)Cl)Cl)Cl)Cl,579
CN1CCN(C1=O)C,281
CCCCCCCCCCCCCCCCCCBr,301
Cc1cccc(c1)I,246
C1CCN(CC1)C=O,242
Cc1cccc(C)c1CC,257
Cc1cccc(C)c1I,284
CC(C)(C)C(C)(C)CC,263
C(C(F)F)O,245
O=[N+]([O-])C([N+]([O-])=O)([N+](=O)[O-])[N+]([O-])=O,287
Cc1cc(cc(c1)N)C,283
Cc1c(c(c(c(c1F)F)F)F)F,243
Cc1ccccc1C,248
CC(=C)c1ccccc1,250
CCc1ccccc1CC,242
CCCCCCCCCCCCCCCCCC,301
C1COCCO1,284.8
FC(F)(F)C(=O)O,258
N#CCc1ccccc1,249
Cc1ccc(c(c1)Cl)Cl,258
Clc1cccc(Cl)c1,248.2
OCc1ccccc1,258
c1ccc2c(c1)CC=C2,271
c1cc(cc(c1)O)C(F)(F)F,271
CN(C)C(=O)N(C)C,272
BrC(C)C(Br)(Br)C,275
Cc1ccccc1c2ccccc2,273
CC(C)(C)c1ccccc1O,266
c1ccnc(c1)CCO,265
CCCCCCCCCCCC(=O)OC,278
Cc1ccc(C)c(C)c1C,267
C(CCI)CI,279
CCC(=O)c1ccc(cc1)C,280
CC(C)(C)c1cccc(n1)C(C)(C)C,275
CC#CCO,270.8
C1CNCCO1,268
CCc1ccc(cc1)N,268
CCN,192
CCOC(=O)C(C)C,185
CCCC(=O)OCCC(C)C,200
CC(C)COC(=O)C,174
B(OCC)(OCC)OCC,188
c1ccc(cc1)c2ccc(cc2)F,347
C#Cc1ccccc1,228
CCCCC(=O)OCC,182
O=C(CCC)OCCCCC,200
CC(CC)C(C)(C)C,161
CC(C)(C)CCC,149
CC(C)CCCC,155
CC(C)(Cl)Cl,239
CCCCSC,175
C1C=CCC=C1,224
CC1(C)CCCC1,203
BrC(CC)CC,147
CCCCCCCCC#N,239
CCCCCCC(=O)Cl,189
CC(C)(C)C1CCCCC1,232
CCC(C)CCCCCC,188
C=C(C)CCCC,170
CC(C)C(C)(C)CCC,156
CC(CC)C(C)(C)CC,172
C=C(C)C#N,237
Cc1ccc(c(c1)F)[N+](=O)[O-],326
CCC(S)CC,162
CC(C)CC1CCCC1,158
C=C(C)CCCCCC,195
CC(CC)CC(O)CC,181.8
CC=C(/C)C(C)C,149
CC(OC)OC,160
O=[N+]([O-])c2ccccc2c1ccccc1,310
CNC,181
CCCCCCCCCl,215
CCCCCCCCS,224
CC(C)(C)C=C,158
ClCC(Cl)(Cl)Cl,203
CCCCCCCI,225
CC(C)CCO,156
COC(=O)c1ccc(cc1)I,388
N#CC=CC#N,370
C=CCN,185
C1C(O1)CCl,216
SCCS,232
Cc1cc(Br)ccc1,233
O=S(=O)(NC(=O)NCCC)c1ccc(Cl)cc1,401
Cc1cc(C)c(C)cc1,229.2
BrCCCBr,239
CCCCC#N,177
C=CC(=O)OCC,202
CC(C)(C)I,235
C#CC(C)(C)C,195
COCOC,168
Cc1cc(Cl)ccc1,225
CCCCCCCC,216
C1CCCC1,179
ClC(Cl)C(Cl)(Cl)Cl,244
c1ccc2c(c1)cccn2,258
CC(C)CC,113
c1c(cc(c(c1[N+](=O)[O-])Cl)[N+](=O)[O-])C#N,414
CCC(C)C(CC)C(N)=O,387
c1ccc(cc1)C(=O)CCCC(=O)O,400
Nc1ccccc1,267
c1ccc(cc1)C(C#N)c2ccccc2,347
CC(F)(F)F,162
Cc1cccc(c1)C(C)C,209
CCCCCCCCCCCCCCCCCCCCCCCCCCCCCCCC,343
CC(C)C(=O)OC,188
CCCC(O)CCCC,232.3
CC1(C)CCCCC1,240
CC(C)(C)C(C)(C)C,374
CC(C)=C/C(C)C,145
CCCCCC(=O)OCCC,204
CCCCCC#N,193
CCCCCSCCCCC,222
Cc1cc(C)cc(CC)c1,189
CCCc1ccccc1C,213
CCC1CCCCC1,162
Cc1ccc(C)cc1CC,219
CCCC1CCCC1,156
CC(CCC)CCCC,160
CC(C)CCC(C)(C)C,167
C/C(C)=C(/C)CC,155
CCCCC(C)CCCC,185
CCC(CC)C(C)(C)C,174
c1cc(ccc1C(F)(F)F)F,231
C#CC(C)C,183
C=CCC1CCCC1,162
c1c(cc(cc1C(=O)Cl)C(=O)Cl)C(=O)Cl,309
CC(C)C(C(C)C)C(C)C,191
CC(C)(C)C(C)C(C)(C)C,234
CCC#CC(C)C,156
CC=CC(C)CC,147
CC(C)CC=CC,149
CCc1ccccc1Cl,190
CC(O)CC,158
CCCS,160
CC(=CC(C)(C)C)C,167
CC(C)CC(=O)OCC,174
CCCCCS,197
CCCCCCBr,188
CC#CC,241
CCCCSCCCC,193
CCc1ccc(cc1)C,211
CCC#CC,164
CC(C)CCCCCC,193
CCc2oc1ccccc1c2C(=O)c3ccc(O)cc3,397
ClC=C(/Cl)Cl,188
CC(=O)OCc1ccccc1,222
C=CCI,174
CCOCC,157
Cc1cc(C)cc(C)c1,228
CCCCS,157
CCCCCCC=O,230
CC(C)CC(C)(C)C,166
CCCI,172
CCCCCCCCC=C,207
CCCCCC,178
C(Cl)(Cl)(Cl)Br,267
CC(C)CCCCCCCCCCCCCCC,279
COCC(=O)O,281
CCCCCCCCCCCCC,268
CC(=O)OO,273.1
CCCCCCCCCCC1CCCCC1,271
Ic1ccccc1Cl,274
CCCCCCCCCCCCCl,264
Cc1cc(C)c(C)c(C)c1,249
c1cc(cnc1)Br,246
CCCCCCCCCCCl,242
CCCCCCCCCCCCCC(=O)OCC,285
BrC(Br)CBr,244
c1cc(c(cc1F)[N+](=O)[O-])F,261
C(=C(Cl)Cl)(Cl)Cl,251
CC(C)c1ccc(Cl)cc1,261
CC(C)OC(=O)CC(=O)C,246
Ic1cccc(Br)c1,264
c1ccc(cc1)I,242
CCCCCCCCCCI,257
N#Cc1ccccc1,260
CCCCCCCCCC,243
c1ccc2c(c1)C(=O)NS2(=O)=O,502
O=S(C)(=O)c1ccc(cc1)C(O)C(CO)NC(=O)C(Cl)Cl,438
CCCl,134
Cc1ccccc1S(=O)(=O)N,429
Cc1ccnc(n1)N,433
C[C@@H]1CC[C@H](C)C1,139
C=C(C)C(C)CC,139
C=CC(C)(C)CC,139
O=C(N)c1cc(Br)ccc1,428
C/C(C)=CCN1CC[C@@]2(C)c3cc(O)ccc3C[C@@H]1[C@@H]2C,419.3
C1=CC=C2C(=C1)SC3=CC=CC=C3S2,432
CC(C)C(=C)C,116
C=CCCC=C,132
CCCC(=C)C,137
CC(C)CCC,119
CC=C(/C)C,139
C1=CC(=CC=C1C2=CC=C(C=C2)Cl)Cl,422
CCN(CC)CCNC(=O)c1cc(Cl)c(N)cc1OC,420
CCCCC,143
CCN(CC)CC,158
C(=O)O,281
CCCCC(=O)O,239
C=CCC,88
C=C,104
n1nc(sc1C)N,497.85
CC(O)(CC)CC,249
CCOP(=O)(OCC)OCC,217
c1cccn1,250
c1ccc2c(c1)CCC2,222
CC1CCC(=O)CC1,232
CC(C)(O)CCCCC,222.6
Cc1ccc(s1)C,210
CCCc1ccc(C)cc1,209
CCCCS(=O)CCCC,306
CCCCCCCCCCl,234
CC(O)CCCCCC,241
CC1CCCC1(C)C,251
CCCCCCOC=O,210
CC(C)(C)C(C)(C)C(C)C,237
CCOC(=O)Cc1ccccc1,244
Cc1cccs1,210
CCc1ccc(Cl)cc1,210
OCC(O)CO,290.8
CCCCOc1ccccc1,254
Cc1cccc(c1)C(C)(C)C,232
CC(CCCBr)Br,239
c1ccccn1,231
Brc1ccccc1,242
Cc1cccc(C)c1C,248
CCCCCCCCCCC,247
CC(=O)O,289.7
C(#N)c1c(c(c(c(c1F)F)F)F)F,275
c1cc(c(cc1Cl)Cl)CCl,270
C#CC(C)(C)O,275.6
CC(C)c1cc(cc(c1)C(C)C)C(C)C,266
CC(C)(C)CCC(C)(C)C,260
CCCCC(=O)c1ccccc1,264
Cc2ccccc2Cc1ccccc1,280
c1cnccc1CN,265
C(COCCO)O,263
CCCCCCCCCCc1ccccc1,259
c1cc(cc(c1)Cl)N,263
CCCCCCCCCCCC,263.4
CN,180
FC(F)(F)F,89
CC(C)CCCl,169
CC(C)OC(=O)C,200
C=C(C)C,133
c1(c(c(c(c(c1F)F)F)F)F)C(F)(F)F,207
CCOC(=O)Cl,192
C/C(C)=C(/C)C(C)C,160
CC(=C=C)C,159
CCC(CC)CC,154
CCCSSCCC,187
O=C(O)CCCCCCCCCCCCCCCCCC,342
C(C(=O)N)(Cl)Cl,372
CC(C)(C)CC=C,136
CC(C)CCCCCCC,198
CC(C)C(CC)C(C)C,151
CCC1CCCC1,135
CC(C)c1ccccc1Cl,199
CC(CC)CCCCC,165
CC(C)C1CCCC1,162
CC1CCC(C)(C)C1,131
CC1(C)CC=CCC1,199
CC(C)CC(C)(C)CC,160
C=CC=CC,186
C(F)(Br)(Br)Br,199
CC=1CCCC=1C,183
N#Cc3cncc3c1cccc2OC(F)(F)Oc12,472.4
BrC(=C)CC,140
CC(C)CC#C,168
CCC=CC(C)C,131
C=CCNCC=C,185
CCC,85
CCCCBr,161
C1CCC1,182
O=C(O)CCCCCCCCCCCCCCCCCCC,348
CCCCCI,187
C/C(C)=CCCC,143
CCCC#CC,183
CCCC=CCC,136
CN1CCN(CC1)C2=Nc4cc(Cl)ccc4Nc3ccccc23,456.5
CCC(CBr)Br,208
C=CCBr,154
CC(=O)OCC,189
CC(C)(C)OC,164
BrCC,154
CCO,159
CCC(=O)O,252.2
CC=C/CC,122
C1CC1,145.85
CCCCCCC,182
Cc2ccc(Cc1ccccc1)cc2,278
C1CCCO1,165
CCCCCCC=C,171
CC=1CCCCC=1,153
C=CCCCC,133
C=C(C)C(=O)OC,225
c1ccc2cnccc2c1,299
CO,175
CC(CBr)Br,218
c1c(cc(cc1O)O)O,491
OC(CN)c1ccccc1,330
c1ccnc(c1)C(=O)O,410
NCCCNCCCCN,296.5
c1cnccc1N,432
COc1cc(ccc1O)CC(=O)O,416
CC(=O)NCCCCCC(=O)O,377
Cc2cc3c1c(cc(cc1O)CCCCC)OC(C)(C)c3cc2,349.5
CNC(=O)Oc1cccc2CC(C)(C)Oc12,424.5
CC1(C2CCC(O1)(CC2)C)C,274
COP(=S)(OC)SCC(=O)NC,324.5
c1ccc(cc1)c2ccc(cc2)CC(=O)O,434
Cc1cc(ccc1SC)OP(=S)(OC)OC,280
Cc1ccc(cc-2c(ccc12)C)C(C)C,305
c1ccc2c(c1)c(c[nH]2)CO,371
c1ccc2c(c1)c(c[nH]2)CCC(=O)O,407
S=P(Oc1ccc(cc1)[N+]([O-])=O)(OC)OC,309
CC(=O)NBr,377
COc1ccc(cc1OC)Cc2c3cc(c(cc3ccn2)OC)OC,420
O=C2c1ccccc1C(=O)C2c3ccccc3,422.5
CC(C)(C)c1ccc(cc1)C(O)CCCN2CCC(CC2)C(O)(c3ccccc3)c4ccccc4,420.5
NS(=O)(=O)Cc2noc1ccccc12,435
Cc1ccc(cc1)N(CC2=NCCN2)c3cc(O)ccc3,447.5
O=C1NC(=O)NC(=O)C1(CC)C2=CCCCC2,445.5
Cc1cc(n[nH]1)C,380
Clc1ccc(cc1)C(C(Cl)Cl)c2ccc(Cl)cc2,382
CC[N+](=O)[O-],184
CC1(O)CCC(CC1)C(C)(C)O,431
O=C3c1ccccc1C(=O)c2c3ccc(C)c2N,478
Cc1cccc(c1O)C(=O)O,438
C(#N)C1=C(C(=O)C(=C(C1=O)Cl)Cl)C#N,488
c1ccc(cc1)NC(=O)c2ccccc2O,410
COc1c(Cl)cc(Cl)cc1Cl,334
CC(=O)c1cccs1,283
O=[N+]([O-])c1cc(cc([N+]([O-])=O)c1O)[N+]([O-])=O,395
c1ccc(cc1)c2nc(nc(n2)N)N,500
Cc1ccc2c(c1)ccc(=O)o2,349
c1ccc(cc1)C(=O)OC(=O)c2ccccc2,315
CC(CC)=NO,243.5
c1cc(cc(c1)N)C(F)(F)F,279
c1cc(cc(c1)C(=O)Cl)C(=O)Cl,317
c1cc(cnc1)CO,266
Clc2nc(Nc1ccccc1Cl)nc(Cl)n2,432.5
C=CC#N,189
CC(C)(C)NC(=O)C=C,402
CC(C)CC(=O)CC(C)C,231
C1CCC(CC1)Br,216
c1cc(cnc1)O,400
c1ccnc(c1)Cl,227
CC(C)CCOC=O,180
CCSSCC,171
C(COCCCl)OCCCl,241
CC(=O)NNc1ccccc1,403
Cc1cc(cc(Br)c1O)C3(OS(=O)(=O)c2ccccc23)c4cc(C)c(O)c(Br)c4,514
c1ccc2c(c1)ccc(n2)c3ccc4ccccc4n3,468
c1ccc(cc1)Cc2cc(ccc2O)Cl,321
O=C(OCC)c1ccc(O)cc1,389
c1cc(c(cc1C(F)(F)F)[N+](=O)[O-])Cl,270
CCOc1cc(ccc1O)C=O,350
O=[N+]([O-])N1CN(CN(C1)[N+]([O-])=O)[N+]([O-])=O,478
c1cc(c(cc1O)O)C(=O)c2ccc(cc2O)O,474
c1ccc(cc1)c2cc(c3ccccc3n2)C(=O)O,488
C(CI)C(=O)O,355
ClCCCCl,173
CC(C)C(C(C)(C)CO)O,325
c1ccc2cnncc2c1,364
c1ccc2Oc3ccccc3Oc2c1,395.5
c1cc(c(cc1S(=O)(=O)c2ccc(c(c2)[N+](=O)[O-])F)[N+](=O)[O-])F,467
c1cc(c(cc1C(F)(F)F)Cl)Cl,261
c1cc(ncc1C(=O)N)N,520
Clc1ccc(NC(=O)N(C)OC)cc1Cl,366.5
CCCCNC(=O)NS(=O)(=O)c1ccc(N)cc1,417
CC(=O)Nc1cccc(c1)C(F)(F)F,378
C(=O)(C(C(C(F)(F)F)(F)F)(F)F)O,255
c1cc(cc(c1)C(F)(F)F)C(=O)O,378
Cc1ccc(cc1)S(=O)(=O)F,314
CCOCOCC,207
CCC(=O)C(CC(C)N1CCOCC1)(c2ccccc2)c3ccccc3,348
c1ccc2c(c1)c(ccn2)C(=O)O,527
c1cnc2c(n1)c(=O)[nH]c(=O)[nH]2,621
c1ccc2c(c1)c(c[nH]2)C=O,470
c1cocc1C(=O)O,395
c1ccc2c(c1)CCc3ccccc3N2,380
C1C=CC(=O)O1,277
c1ccnc(c1)N,331
Cc1ccccc1C(C)C,201
O=[N+]([O-])c1ccccc1[N+]([O-])=O,391
c1ccc(cc1)CSCc2ccccc2,322
CCCCCCCCCCCCCC(=O)CCCCCCCCCCCCC,351
C1C=CC=CC=C1,193
O=C3C=Cc2cccc1cccc3c12,427.5
C=CC(C)C,105
COc1ccc(c(c1OC)OC)C(=O)O,374
c1ccc2c(c1)cc(c3c2cccc3)Br,337
c1ccc2c(c1)C(=O)N(C2=O)CCBr,355
CCCC(=O)CC,218
CC(C)(C)N=C=S,283
CC1CC=CCC1,158
CCCCOC=O,181
CCCCCCCCCCCCCCCCCCCCCCCCCCC,332
CCC(CC)(CC)O,260
COC(=O)C(Cl)(Cl)Cl,255
[O-][N+](=O)c1ccc2CCc3cccc1c23,376.5
O=C(C)Oc1ccccc1[N+]([O-])=O,313
CCOC(=O)c1ccco1,307
CC1=CC(=O)OC1=O,281
CC(=O)N[C@@H](CS)C(=O)O,383
CCc1ccc(cc1)C(=O)O,386
CN(C)c1ccc(cc1)C(=O)O,516
c1ccc(cc1)OCC(COc2ccccc2)O,355
Cc1ccc(cc1)N=C=S,298
CCOc1ccc(cc1)O,339
CCCCOC,158
CCOCCC,146
CCCCCCCCl,203
CCCCCCCCCCCCCCCCCCCCCCCCCCCCCCCCCCCC,349
CC[Si](CC)(CC)CC,191
O=C(C)Oc1ccccc1OC(C)=O,337
Cc1cc(c(c(c1)O)C)C,367
c1cc(oc1C=O)[N+](=O)[O-],309
Cc1cc(C)c(C)c(C)c1C,327
c1ccc2c(c1)CCc1ccccc12,307
c1ccc(cc1)P(=O)(c2ccccc2)c3ccccc3,429
C1C2CC3CC1CC(C2)(C3)C(=O)O,448
CC(=O)Oc1cccc2c1cccc2,318
CCCCCC(=O)CCCCC,288
CCc1cccc(C)c1C,223
c1ccc(c(c1)C(=O)NN)O,421
CC(C(=O)O)Oc1ccccc1,391
c1ccc(cc1)c2cc3ccccc3[nH]2,463
CC(C)(C)CC(=O)O,279
CC(C)(C)CC(C)(C)C,206
c1ccc(cc1)C(=O)c2ccc(cc2)N,396
CCCCCCCCCCCCOC(=O)c1cc(c(c(c1)O)O)O,370
c1ccc2c(c1)CCc3ccccc3C2Cl,380
CC(C)(C)c1cc(cc(c1O)C(C)(C)C)C(=O)O,481
CC(C)SC,171
Cc1ccc(nc1)N,349
CC[Si](CC)(Cl)Cl,176
c1cc(c(cc1Cl)Cl)CO,332
CCCCCCCCOc1ccc(c(c1)O)C(=O)c2ccccc2,321
c1ccc2c(c1)-c3ccccc3C2Br,376
CC(C)c1ccc2ccccc2c1,287
C=Cc1ccccc1Br,220
O=CC1CCCCC1,307.5
CN1c2ccccc2C(=O)C1=O,404
CC(=O)c1cccc(c1)Br,281
O=C(Nc1cc(ccc1)C(F)(F)F)N(C)C,436.5
c1(c(c(nc(c1Cl)Cl)Cl)Cl)Cl,398
c1c(c(nc(c1Cl)Cl)Cl)Cl,364
Cc1ccc(c(c1)C(C)(C)C)O,325
Clc1ccccc1/C=C(C#N)C#N,368
COC(=O)c1cc(ccc1Cl)Cl,312
c1c(c(cs1)Br)Br,278
c1cc(sc1Cl)Cl,232
C=CCCCCCCCCCCCCCCCCCC,302
CC(CC)CC=C,132
CCOC(=O)C(C)(C)C,183
C=CC(CC)CC,146
CCCCCCCCCCCCCCCC=C,284
CCCCCCCCCCCCCCCCCCCCCCCCCCCCCCCCCCCCCCCCCCCC,361
Cc1cc(ccc1Cl)N,357
[SiH](Cl)(Cl)Cl,146
CN(C)c1ccc(cc1)C(=O)OCC,336.5
Cn1c2ccccc2nn1,338
c1c[n+](ccc1C(=O)O)[O-],543
CS(=O)(=O)c4ccc3Sc1ccccc1N(CCCN2CCC(CC2)C(N)=O)c3c4,443
c1cc(ncc1Cl)Cl,334
COc1cc(ccc1O)Cl,290
Cc1cc(C)c(C)cc1CC,259
C1=CC=C(C=C1)C2=NC(=C(S2)CC(=O)O)C3=CC=C(C=C3)Cl,434
CC(=O)CCc1ccc(c(c1)OC)O,314
c1ccc(cc1)OCC2CO2,277
Oc1ccc(OCCCC)cc1,338
O=C1CC(=O)CC(C)(C)C1,421.5
c1ccc(cc1)S(=O)(=O)c2ccccc2,401
BrC(Br)(CBr)CBr,284
CCC(C)(C)C(=O)O[C@H]1C[C@H](C=C2[C@H]1[C@H]([C@H](C=C2)C)CC[C@@H]3C[C@H](CC(=O)O3)O)C,409
CC1(N=C(NC1=O)c2ncccc2C(=O)O)C(C)C,444.5
C=CCCC(=O)O,251
CCCCCCCCCCCCCC(=O)C,312
C=Cc1ccc(O)cc1,346
CC=CC,168
c1ccc2c(c1)c(=O)[nH]cn2,491
CC(=O)NC12CC3CC(C1)CC(C3)C2,421
CN(C)c1cccc2c1cccc2S(=O)(=O)N,493
Nc2nc(N)ncc2Cc1cc(OC)c(OCCOC)c(OC)c1,427.5
c1c(nc(nc1Cl)N)Cl,493
Cc1ccc(cc1)CN,285
c1ccc(cc1)[Si](c2ccccc2)(c3ccccc3)c4ccccc4,510
c1ccc(cc1)Oc2ccc(cc2)C=O,298
Cc1cc(c(n1c2ccccc2)C)C=O,362
Cc1ccc(n1c2ccccc2)C,323
OC=1C(=O)C(Cl)=C(O)C(=O)C=1Cl,556
CCCCCCCCCC(=O)Cl,238
c1cc(nnc1Cl)Cl,341
c12c(c(c(c(c1F)F)F)F)c(c(c(c2F)F)F)F,360
c1c(cc(c(c1F)[N+](=O)[O-])F)F,277
C(=O)(C(F)(F)F)N,346
FC(F)(F)c1ccc(C=O)cc1,274.5
c1ccc(cc1)Nc2ccccc2N,352
c1cc(ccc1C(=O)CBr)Cl,369
c1ccc(cc1)[Si]2(O[Si](O[Si](O[Si](O2)(c3ccccc3)c4ccccc4)(c5ccccc5)c6ccccc6)(c7ccccc7)c8ccccc8)c9ccccc9,474
O=C(C)Oc1ccccc1C(=O)OC,325
c1ccnc(c1)c2ccncc2,334
COc1ccc(cc1)C(=O)c2ccccc2,335
CCOC(=O)c1cccnc1,282
Ic1cc(ccc1)C(=O)OC,327
c1cc(sc1I)I,314
c1ccc(cc1)C(=O)c2cccc(c2)C(F)(F)F,325
CCOC(=O)C#CC(=O)OCC,275
CCCCCCCCC(=O)Cl,212
c1cc(c(cc1Br)[N+](=O)[O-])N,385
O=C(NCN1CCOCC1)c2cnccn2,392
C=CCCCCC(=O)O,267
c1cc(ccc1C(=O)N)F,429
CCOC(=O)c1cc2ccccc2[nH]1,397
Clc1cc(CC#N)ccc1,284.5
c1ccc2c(c1)cncc2Br,314
c1cccc2nc(c(nc12)c3ccccc3)c4ccccc4,399.5
CC=C1CCCC1,143
c1cc(ccc1N2CCNCC2)F,305
Cc1cc(ccc1N)C(=O)O,443
C[Si]1(O[Si](O[Si](O[Si](O1)(C)C=C)(C)C=C)(C)C=C)C=C,230
CCCC#CCC,142
c1c(nc(nc1Cl)Cl)Cl,296
O=C(O)CCC(=O)OC,330.5
Nc1cc(Cl)c(O)cc1,424.5
c1ccc2c(c1)cc(c3c2cccc3)C=O,375
c1ccc(cc1)C2CCC(=O)CC2,353
CCOc1ccc(cc1)CC(=O)O,362
CC(=O)c1ccc(s1)Br,368
Cc1cc(nc(n1)Cl)Cl,319
CCc1cccc(c1)c2ccccc2,245
O=C1CCC(=O)N1O,369.5
N#CC(=C)C(=O)OCC,251
c1ccc(cc1)OCCC(=O)O,371
CSc1ccc(cc1)C(=O)O,468
Cc1cc(ccc1Cl)[N+](=O)[O-],316
c1cc(c(c(c1)F)C(=O)N)F,420
c1ccc2c(c1)c3ccc(cc3[nH]2)O,545
c1cc(ccc1C(C(=O)O)O)Br,390
CCCCCCC(CCCC)O,269
CCC1=CCCC1,155
CCOc1ccc(cc1)C#N,335
Cc1c(cnn1c2ccccc2)C(=O)O,440
O=S(=O)(c1ccc(cc1)C)C[N+]#[C-],385.5
COC(=O)c1cc(ccc1[N+](=O)[O-])Cl,322
c1ccc2c(c1)c(c[nH]2)C#N,453
N1=C2C=CC=CC2=C(C)C1c1ccccc1,364
CC=1CCC[C@](C)(C)C=1/C=CC(C)=CC=CC(C)=CCO,336
c1cc(c(c(c1F)C(=O)O)F)F,404
COC(=O)c1c[nH]c2c1cccc2,424
c1cc(oc1C=O)Br,357
c1cc2c(cc1/C=C/C=C/C(=O)N3CCCCC3)OCO2,404
CC=CCCCC,164
Fc1cc(C[C@H](N)C(=O)O)ccc1O,533.5
c1cc(c(c(c1)Cl)C(=S)N)Cl,424
O[C@@H]1CC(=O)[C@H](CCCCCCC(=O)O)[C@H]1/C=C/[C@@H](O)CCCCC,388.5
COc1cc(cc(OC)c1OC)/C=C/C(=O)O[C@@H]3C[C@@H]4CN5CCc2c6ccc(OC)cc6nc2[C@H]5C[C@@H]4[C@@H]([C@H]3OC)C(=O)OC,511
c1cc(cc2c1ccc(=O)o2)O,503
c1ccc(cc1)c2c(c(=O)c3c(cc(cc3o2)O)O)O,488
C[C@H](CCC(=O)O)[C@H]1CC[C@@H]2[C@@]1(CC[C@H]3[C@H]2C[C@@H]([C@H]4[C@@]3(CC[C@H](C4)O)C)O)C,471
CC=C(C)CCC,154
c1ccc(cc1)C(=O)/C=C/c2cccc(c2)[N+](=O)[O-],419
CCOC(=O)C=C2SC(N1CCCCC1)C(=O)N2CC,359
[O-][n+]1ccccc1S,343.5
C=CCCCCCCCCC(=O)O,297
O=C(C)Nc1cc(C)ccc1,338
C(C(C(CO)O)O)O,395
Cc1cc(cc(c1)O)O,380
Cc1ccnc2c1cccc2,283
Cc1ccc2ccccc2n1,271
c1cc(cc(c1)Br)Cl,251
Oc2ccc3ccccc3c2N=Nc1ccccn1,412.5
Cc1ccc(c(c1)OC)O,279
c1ccc(c(c1)C=O)F,228
c1ccc2c(c1)CCO2,252
Clc1ccc(Cl)c(Cl)c1Cl,320
CCc1ccncc1,182
CCc1ccc(Br)cc1,230
c1c(c(cc(c1F)F)F)F,277
COC(=O)c1cccnc1,315
c1c(cc(cc1F)F)F,267
Cc1ccc(cc1Cl)Cl,260
c1c(c(c(c(c1F)F)N)F)F,304
Cc1cc(c(cc1C)C(=O)C)C,283
c1ccc(c(c1)F)I,231
c1ccc(cc1)C(=O)C(Cl)Cl,294
c1cc(ccc1C(=O)CCl)Cl,374
COc1cccc(c1)[N+]([O-])=O,311
CCOC(=O)c1ccc(c(c1)OC)OC,317
C(CC(=O)O)C(=O)C(=O)O,388
c1cc(c(cc1CC(=O)O)O)O,402
c1cncn1,363
c1cccc2nccc12,325
Cc2ccc3cc1c5ccccc5ccc1c4CCc2c34,452.5
CCC(C(=O)NC(=O)NC(C)=O)c1ccccc1,373
CN(C)CCC=C1c3ccccc3CCc2ccccc12,469.5
O=S(C)(=O)OCCCCOS(C)(=O)=O,389
NS(=O)(=O)c1ccc(cc1)n3nc(cc3c2ccc(C)cc2)C(F)(F)F,430.5
c1cc2c(cc1Cl)nc(o2)O,464
CCCCC2=NC1(CCCC1)C(=O)N2Cc3ccc(cc3)c4ccccc4c5nnn[nH]5,453
c1c(occ(c1=O)O)CO,427
O=Cc1ccccc1C=O,329
OC(CCN1CCCCC1)(c2ccccc2)c3ccccc3,393
CCc1nc(N)nc(N)c1c2ccc(Cl)cc2,506
CCN(Cc1ccncc1)C(=O)C(CO)c2ccccc2,369
NCCc1ccc(O)cc1,437
COc1ccc2c(c1)[nH]c3c2CCN4[C@@H]3C[C@H]5[C@@H](C4)C[C@H]([C@@H]([C@H]5C(=O)OC)OC)OC(=O)c6cc(c(c(c6)OC)OC)OC,538
FC1=CN(C(=O)NC1=O)[C@H]2C[C@H](O)[C@@H](CO)O2,423.5
CCN(CC)CCSC(=O)N(c1ccccc1)c2ccccc2,321
Nc2nc1cc(Cl)ccc1o2,457
S=C=S,161
CC(C)S,142
[O-][N+](C)=O,244
BrC(Br)(Br)C(=O)O,404.5
O=S1(=O)CC=CC1,337.5
C=CC(N)=O,357
O=S(=O)(Cl)c1ccccc1,288
O=C1CCC(CC1)C(C)(C)C,322
O=C(C)c1ccc(Br)cc1,324
CCOc1ccccc1,243
CCCC(C)Br,177
O=P(Oc1ccccc1)(Oc2ccccc2)Oc3ccccc3,323.5
Cc1cc2nnnc2cc1,354.5
CCCCCCCCCCCCBr,263
Nc1cc(Cl)c(F)cc1,318.5
Fc1ccc(N)c(F)c1,265.5
CCC(=O)C1(CCN(C)CC1)c2cccc(O)c2,429
Nc2ncnc(Nc1ccc(Cl)cc1)n2,506
C[Si]1(C)O[Si](C)(C)O[Si](C)(C)O[Si](C)(C)O1,290.5
Ic1ccccc1Br,283
c1ccccc1P(c2ccccc2)c3ccccc3,353.5
Cc1ccccc1C=C,204
Cc1[nH]c2ccccc2n1,449
CCc1cccc(c1)C,177
CCCCCCCC(C)O,238
N#CCCCCCCC#N,270
CCCCCCCCCCCCCCCO,319
Cc1cccc(c1)c2ccccc2,278
CCC(=C)CC,141
O=S1(=O)CCCO1,305
CN1CCC(C1)CN3c2ccccc2Sc4ccccc34,360
CC2(C)C1CCC(=C)C2C1,212
CCC(=O)OC(Cc1ccccc1)(C(C)CN(C)C)c2ccccc2,348
OC(C1CCNCC1)(c2ccccc2)c3ccccc3,433
Clc2cc(Cl)ccc2Oc1ccc(cc1)[N+]([O-])=O,343.5
c1cc(cc(c1)[N+](=O)[O-])CC(=O)O,392
N#Cc1ccccc1Br,328
CCCCCC1CCCCC1,215
N#Cc1cc(Br)ccc1,312
CCOC(=O)n1ccn(c1=S)C,397
CC1C(OCCN1Cc3c(C)n(C)n(c2ccccc2)c3=O)c4ccccc4,422
O=C(OCC)NCCOc1ccc(cc1)Oc2ccccc2,326.5
O=C(N)c1ccc(O)cc1,434
O=C(OCC)C(C(=O)OCC)c1ccccc1,289
CCOc1ccc(NC(=O)CN)cc1,374
Fc2ccccc2c1ccccc1,346.5
FC(F)(F)c1ccccc1O,318.5
CC1(CCCCC1)C(=O)O,311
CCc3cc1cc(OC)c(OC)cc1c(Cc2ccccc2)n3,351
Nc3ccc(OCCCCCN2C(=O)c1ccccc1C2=O)cc3,386
BrCCCCCCCCBr,288.5
O=C1NN(C(=O)C1c2ccccc2)c3ccccc3,506
c1cc(C=O)c2CCOC(c2c1)=O,413
C(CCCC(=O)O)CCCBr,312
C/C=C/C=C/CO,304
CC=CC=CC(=O)O,407
C1(=O)C(CC)(CC(=C)C)C(=O)NC(=S)N1,433
COCC(=O)Nc2cc(Sc1ccccc1)ccc2N=C(NC(=O)OC)NC(=O)OC,402
[C@@H]1([C@@H]([C@@H]([C@H]([C@H]([C@@H]1Cl)Cl)Cl)Cl)Cl)Cl,432
Cl[C@@H]1[C@@H](Cl)[C@@H](Cl)[C@H](Cl)[C@@H](Cl)[C@H]1Cl,385.5
COc1ccc(cc1)C(C)=O,311
CNCCO,268.5
CCOc1ccc(cc1)C=O,287
FC(F)(F)CO,229.5
Clc1c(cccc1Cl)[N+]([O-])=O,335
O=Cc1cccc(C#N)c1,350
CCCCN1CCCCC1C(=O)Nc2c(C)cccc2C,380
NC(N)=Nc1nc(CSCCC(N)=NS(N)(=O)=O)cs1,436
C1=CC(C2C1C3(C(=C(C2(C3(Cl)Cl)Cl)Cl)Cl)Cl)Cl,368
O=C1NC(=O)NC(=O)C1(CC)C(C)CCC,402.5
CCC1(C(=O)NCNC1=O)c2ccccc2,554
Cc1ccc(cc1)S(=O)(=O)NC(=O)NCCCC,401.5
Cc1cc(CC(O)=O)n(C)c1C(=O)c2ccc(Cl)cc2,451
C[C@]12CC[C@H]3[C@H]([C@@H]1CC[C@@H]2C(=O)CO)CCC4=CC(=O)CC[C@]34C,415
CC(C)C#N,201
CC(=O)CCl,228.5
CCC1=CC2=C(C=C1)C(=O)C3=CC=CC=C3C2=O,382
COc1ccccc1,236
C1C=CCCC1,169
CCC(=O)OC,185
CCCCCCCCCCCCCC,278.5
N#Cc1ccc(O)cc1,384.5
CCc2c(C)[nH]c3CCC(CN1CCOCC1)C(=O)c23,453
Clc1cc(ccc1OC)NC(=O)N(C)C,400
CCCN(CC1CC1)C2=C(C=C(C=C2[N+](=O)[O-])C(F)(F)F)[N+](=O)[O-],305
CCOC(=O)Nc4ccc3Sc1ccccc1N(C(=O)CCN2CCOCC2)c3c4,429
NCCCCN,300.5
COC(=O)CCC(=O)OC,292.5
Nc1ccccc1C(=O)OC,297
Oc1ccc(cc1OC)C=O,355
Cc1cc(ccc1)[N+](=O)[O-],288.5
CS(C)=O,291.4
NC(=O)c1cccnc1,403
O=C(O)C2=CN(CC)c1nc(C)ccc1C2=O,502.5
OC3N=C(c1ccccc1)c2cc(Cl)ccc2NC3=O,478
C=CCOC1=C(C=C(C=C1)CC(=O)O)Cl,365
CC[C@H](C)C(=O)O[C@H]1C[C@H](C=C2[C@H]1[C@H]([C@H](C=C2)C)CC[C@@H]3C[C@H](CC(=O)O3)O)C,448
CC=CC=O,197
C1=CC=C(C=C1)C(=O)C(=O)C2=CC=CC=C2,368
C1=CC(=CC=C1[N+](=O)[O-])Cl,356.5
CCCCOC(=O)C1=CC=C(C=C1)N,331
O=C(OCCCC)CCC,181
C1CCCCC1,280
C,91
NC=O,275
CC,89.67
O=C(NNCCC(=O)NCc1ccccc1)c2ccncc2,424.6
ClC(Cl)(Cl)F,162.5
CCCCOC(=O)C=C,209
CC(=C)Cl,135
CC(=C)CCC(=C)C,198
CC(C)c1cc(c(cc1C(C)C)C(C)C)C(C)C,392
c1ccco1,187.4
c1ccc(c(c1)C(=O)N)[N+](=O)[O-],449
Nc2nc(N)ncc2Cc1cc(OC)c(OC)c(OC)c1,474
CCCCCCCCCCCCCCBr,278
CC1OC(C)OC(C)O1,285
Oc1ccccc1Br,278
O=C(O)CCCCCCCC=CCCCCCC,273.5
C1COC1=O,239
CC(C)(OOC(C)(C)c1ccccc1)c2ccccc2,313
c1ccc(cc1)NN,292
C(CF)O,246
CC(C)(C)C,256
CCCCCCCCCCCCCCCCCCCCCCCCCC,330
C1CCS(=O)(=O)C1,300
c1ccc(cc1)[SiH](c2ccccc2)c3ccccc3,316
C#CCCO,209.4
CN(C)C=O,212
O=C(O)CCCCCCCCCC,301.5
ClC(Cl)Cl,210
OC1CCCCCCCCC1,312.85
O=C1N(C(=O)N(C(=O)N1C)C)C,448.85
Cc1ccncc1,276
IC#N,419
c1ccc(c(c1)Cl)Br,260
c1ccc2c(c1)cc(cn2)Br,287
CCOc1ccccc1C(=O)O,293
c1ccc(cc1)OCCCBr,283
CCC(c1ccccc1)c2ccccc2,287
CCl,176
C1CO1,162
FC(F)(F)C(F)(F)F,173
CC(C)(C)c1ccc(c(c1)O)O,328
c1cc(c(cc1Cl)C=O)O,374
Cc1cc(ccc1O)Br,337
CC(C)OC(=O)Nc1ccccc1,361
C1CCCCCCCCCCCCCC1,335
Fc1cc(F)c(F)c(F)c1F,225
C=CC=O,186
c1ccc(cc1)Oc2ccc(cc2)Br,291
O=C1N=C(C=CN1CC)NS(=O)(=O)c2ccc(N)cc2,439.5
c1ccc(cc1)C(c2ccc(cc2)Cl)O,333
c1cc(ccc1OCC(=O)O)F,378
C1=CC=C(C(=C1)C(C2=CC=C(C=C2)Cl)C(Cl)(Cl)Cl)Cl,348
O=C=Nc1ccc(cc1)Cc2ccc(N=C=O)cc2,310.2
CCCCC(CC)COC(=O)CCCCC(=O)OCC(CC)CCCC,206
CC(C)OC(C)C,187
C1OCOCO1,334
CCCC(O)CCC,231.8
Cc1ccc(o1)C,211
COc1cccc(c1O)O,315
COC(=O)C(c1ccccc1)(c2ccccc2)O,348
COc1ccc(c2c1cccc2)C=O,307
CC#CC#CC,340
C=COCC,158
c1ccnc(c1)O,380
CCCCCCI,198
CC(Cl)=O,161
CCN(CC)c1ccccc1,235
C1=CC=C(C=C1)C2=CC=C(C=C2)Cl,351
CC(C(C)(C)C)O,278
Brc2cccc1ccccc12,272
C[C@H]1CC[C@H](CC1)O,263
c1cc(c(cc1C(=O)O)[N+](=O)[O-])Cl,455
C=CCC=C,125
C=C(C)[C@@H]1CCC2=CC(=O)C[C@@H](C)[C@]2(C)C1,309
O=C1CCCC1,222
CCCCCCCCCCCCCCCCCC(=O)OC,313
C1C2C=CC1C=C2,253
C(CCCN)CCCN,301
CCN(CC)CCNc2ccc(CO)c3sc1ccccc1c(=O)c23,374
CCC(=O)OCC,200
O=C(C)OCCCCCC,193
CC(C)C=O,208
Fc1ccc(cc1)C(=O)CCCN2CCC(CC2)n3c(=O)[nH]c4ccccc34,443
Cc1ccc(cc1)C(C)C,205
Br,187
c1cc(ccc1C2CC(=O)c3c(cc(cc3O2)O)O)O,523
O=S=O,200
OC(=O)c1ccc(O)cc1O,498
CC(N)(CO)CO,384
Cc1ccnc(c1)N,372
c1ccc-2c(c1)Cc3c2ccc(c3)N,401
O=C(NP(=O)(OC)SC)C,361
CC(=O)c1ccc(cc1)S(=O)(=O)NC(=O)NC2CCCCC2,461
O=C(NCC(=O)O)c1ccc(N)cc1,472.5
COP(=S)(OC)SCN1N=Nc2ccccc2C1=O,345
O=C(O)CCCc1ccc(cc1)N(CCCl)CCCl,337
COc1cc2c(ccc(=O)o2)c(c1)OC,421
CC(=O)N(O)CCCCCNC(=O)CCC(=O)N(O)CCCCCNC(=O)CCC(=O)N(O)CCCCCN,412
O=C(O)C(C)c1ccc(cc1)N2Cc3ccccc3C2=O,485.5
Cc2oncc2C(=O)Nc1ccc(cc1)C(F)(F)F,438.5
NP(=O)(OC)SC,318
C1=CC(=CC(=C1)NC2=C(C=CC=N2)C(=O)O)C(F)(F)F,477
CN1CCN(CC1)CCCN2c4ccccc4Sc3ccccc23,326
NS(=O)(=O)c1ccc(cc1)N2CCCCS2(=O)=O,453
CCCCS(=O)(=O)NC(Cc2ccc(OCCCCC1CCNCC1)cc2)C(O)=O,496
OC(CCN1CCCCC1)(c2ccccc2)C3CCCCC3,387
CC(C)Nc1cccnc1N2CCN(CC2)C(=O)c4cc3cc(NS(C)(=O)=O)ccc3[nH]4,499
Cc1cc(cc(C)c1CC2=NCCN2)C(C)(C)C,404
COc1cc(ccc1Cc3cn(C)c4ccc(NC(=O)OC2CCCC2)cc34)C(=O)NS(=O)(=O)c5ccccc5C,411
OCC(=O)[C@]3(O)[C@@]4(C)C[C@H](O)[C@@]2(F)[C@@H](CCC1=CC(=O)C=C[C@@]12C)[C@@H]4C[C@H]3C,535
c1c(cc(c(c1Cl)C(=O)O)Cl)Cl,436
c1cc(c(c(c1)Cl)Cl)C(=O)O,441
Cc1ccc(c(c1)O)C(=O)O,451
CC(=O)Nc1ccc2c3ccccc3Cc2c1,467
O=C(OC)[C@@]2(C[C@H]4C[C@@](O)(CC)C[N@@](CCc1c3ccccc3nc12)C4)c5cc9c(cc5OC)N(C=O)[C@@H]6[C@]98CCN7CC=C[C@@](CC)([C@@H](OC(C)=O)[C@]6(O)C(=O)OC)[C@H]78,492
c1ccc2cc(ccc2c1)C=O,334
C[Si](C)(C)C,173
CC2(C)C1CCC2(C)C(=O)C1Br,349
CC(=O)Nc1ccc(cc1)S(=O)(=O)c2ccc(NC(C)=O)cc2,562
CCC(C)(C#CC(C)(CC)O)O,327
c1cc2cccc3c2c(c1)C(=O)OC3=O,544
c1ccc2c(c1)COC2=O,347
Cc1c(cccc1Cl)N,275
c1cscc1C(=O)O,412
c1ccc3ccccc3c1Nc2ccccc2,334
O=C1c3ccccc3Oc2ccccc12,448
c1ccc(cc1)C(=O)c2ccccn2,316
CC(=O)OC(c1ccc(o1)[N+](=O)[O-])OC(=O)C,363
COc1cc(ccc1OC)CC(=O)O,371
CCCOC(=O)c1ccc(cc1)N,347
COc1cc(ccc1N)[N+](=O)[O-],413
c1cc(ccc1S(=O)(=O)Cl)Br,348
c1cc(ccc1S(=O)(=O)Cl)Cl,325
CN(C)c1ccc(cc1)[N+](=O)[O-],438
ClC1=CC(=NCl)C=C(Cl)C1=O,340
c1ccc(cc1)NC(=N)Nc2ccccc2,422
c1cc(c(cc1N=C=O)Cl)Cl,315
CC1=NNC(=O)C1,495
Cc1cnccn1,243
CCCCCCCCCCCCCCCC(=O)OC,304
C=CCCCCCCCCCO,270
CCCCCCCCCCCCS,266
CCCCCCCCCCCCCCCC(=O)Cl,284
CCCCCCCCCCCCCCCCBr,290
C(C(Cl)(Cl)Cl)O,291
OC(c1ccc(Cl)cc1)(c2ccc(Cl)cc2)C(Cl)(Cl)Cl,351.5
c1ccc(cc1)C(=O)c2ccccc2O,312
COc1cc(ccc1N)c2ccc(c(c2)OC)N,409
COc1cc(cc(c1O)OC)C=O,385
c1ccc(cc1)Oc2ccc(cc2)N,357
c3c5c1cccc2cccc(c12)c5cc4ccccc34,489
c1ccc2c(c1)cncn2,320
c1ccc2c(c1)cc3ccccc3n2,382
c1cc2cc[nH]c2nc1,378
c1ccc2c(c1)nco2,303
C1CN2CCN1CC2,431
COCCOc2cnc(NS(=O)(=O)c1ccccc1)nc2,425
C(C#N)C(=O)O,340
c1cc(c(c(c1)F)C(=O)O)F,431
c1ccc(c(c1)C(=O)Cl)F,278
c1cc(cc(c1)F)C(=O)O,396
c1ccc(cc1)c2c(nc([nH]2)c3ccccc3)c4ccccc4,549
COc1cc(c(cc1OC)OC)C(=O)O,417
c1ccc(cc1)/N=[N+](/c2ccccc2)[O-],308
C1CC2CC1C=C2,319
c1cc(ccc1CCO)O,364
C(CCCCCCCC(=O)O)CCCCCCCO,372
OC(c1ccc(Cl)cc1)(c2ccc(Cl)cc2)C(=O)OCC,309
c1ccc2c(c1)c(c[nH]2)CCO,331
Cc1cc(c(c(c1)C)O)C,345
c1cc(c(cc1C(=O)O)[N+](=O)[O-])[N+](=O)[O-],438
c1ccc2c(c1)CCCC2=O,280
c1ccc(cc1)CNC(=O)N,422
CCCCCCCCC(=O)CCCCCCCC,325
CC(C)CC(=O)N,409
Cc1cccc(c1N)[N+](=O)[O-],368
c1cnccc1CO,327
COC(=O)N,328
C=C(C(=O)O)Cl,338
CCC(C(=O)O)C(=O)O,386
c1cc(c(c(c1)O)[N+](=O)[O-])O,356
c1(c(c(c(c(c1F)F)F)F)F)C(=O)O,375
Cc1cccc(c1C)C(=O)O,418
[O-][N+](=O)c2cc(cc1ccccc12)[N+]([O-])=O,420
Cn1c2ccccc2ccc1=O,348
[O-][N+](=O)c1ccc2c3ccccc3Cc2c1,429
[O-][N+](=O)c1ccco1,304
c1cc(c(cc1[N+](=O)[O-])[N+](=O)[O-])C(=O)O,454
c1ccc(cc1)C(=O)C(=O)O,338
Cc1ccc(cc1)c2ccc(cc2)C,393
c1ccc2cc(ccc2c1)C#N,338
C1CC(=O)NC1,297
Cc1ccc(cc1C)C(=O)O,439
[S+]([O-])(Cc1ccccc1)Cc1ccccc1,406
CCOc1cccc(c1)C(=O)O,409
c1ccc(cc1)COC(=O)N,360
CCCOc1ccccc1,245
CC(CC(=O)O)CC(=O)O,359
CC(CCC(=O)O)CC(=O)O,373
CCCCCCC#N,209
CCCCCCCCCCCCCCCCCCCCCCCCC,326
c1ccc(cc1)C(c2ccccc2)(c3ccccc3)c4ccccc4,556
CCOC(=O)c1ccc(cc1)C(=O)OCC,318
CCC2CCC3C4CCC1CCCCC1(C)C4CCC23C,356.5
C(#N)C(=C(C#N)C#N)C#N,471
CP(Cl)(Cl)=O,308
Cc1[nH]ccn1,416
c1ccc2c(c1)CC(=O)OC2=O,415
CC(C)(C)C1=CC(=O)C=C(C1=O)C(C)(C)C,340
c1ccc(cc1)c2nnc(o2)c3ccccc3,413
C/C(C)=CC=C(/C)C,286
Cc1cc(nc(n1)N)C,426
Cc1cc(c(c(c1)C)S(=O)(=O)Cl)C,328
CC(Cl)C(Cl)(Cl)Cl,208
C=Cc1ccc2ccccc2c1,338
c1(c(c(c(c(c1F)F)F)F)F)NN,349
O=C1CCCCCCCCCCC1,333
Cc1ccc(cc1)C(=O)Cl,271
c1ccc(cc1)c2nc3ccccc3s2,387
Cc1cccc[n+]1[O-],321
c1ccc2c(c1)nc(s2)O,411
c1cc(c(cc1C#N)[N+](=O)[O-])Cl,373
[O-][N+](=O)c2ccc(Nc1ccccc1)c(c2)[N+]([O-])=O,433
Cc1ccc[n+](c1)[O-],311
COc1ccc2c(c1)CCCC2=O,352
CC(=O)c1ccncc1,288
Cc1ccnc(c1)c2cc(ccn2)C,447
c1(c(c(c(c(c1Br)Br)Br)Br)Br)Oc2c(c(c(c(c2Br)Br)Br)Br)Br,579
c1cc(c(cc1C(=O)O)S(=O)(=O)N)Cl,531
CS(=O)(=O)c1ccc(cc1)c3cn2ccccc2n3,515
c1cc(c(cc1Cl)Br)Cl,307
c1cnccc1C(=O)N,430
c1cc(ccc1N=C=S)F,299
COC(=O)c1ccc(cc1)C(=O)O,494
c1ccc(cc1)P(=O)(c2ccccc2)O,468
Clc1nc(C(=O)N=C(/N)N)c(N)nc1N,513
CC(=O)c1c(cccc1OC)OC,343
C(CCBr)CC(=O)O,313
c1cc(ccc1N=C=S)Cl,318
c1cc(c(nc1)Cl)Cl,340
Clc1ccccc1CC(=O)O,368
c1c(cncc1Cl)Cl,338
CC(=O)n1ccnc1,374
c1cc(c(cc1Cl)C(=O)O)[N+](=O)[O-],411
CCOC(=O)c1ccccn1,275
c1c(cc(c(c1Br)O)Br)C=O,454
c1cc(c(cc1C=O)[N+](=O)[O-])O,415
c1ccc(cc1)CSC#N,315
CS(=O)(=O)c1ccccc1,360
c1cc(oc1)C(=O)NN,352
C(CCCCCCBr)CCCCCBr,313
CCNc1ccc(cc1)[N+]([O-])=O,369
c1cc(ccc1N=C=S)N=C=S,404
CCc1cc(c(c(c1)C(C)(C)C)O)C(C)(C)C,316
CCCCCCCCCCCCCCCCCCCCCCCCCCCCCCCCCCCCCCCC,354
C(CCC(=O)O)CCBr,307
c1cc(sc1C(=O)O)C(=O)O,631
C1COCCN1C=O,295
Cc1ccc(cc1)Cc2ccc(C)cc2,302
O=[N+]([O-])c1c(C)cccc1C(=O)O,494
c1ccc2c(c1)C(=O)N(C2=O)CCCBr,347
CCCCCCCC1CCCCC1,242
c1cc(sc1)C(=O)N,454
N#CSCSC#N,379
c1cc(ccc1[N+](=O)[O-])S(=O)(=O)N,453
C1CNCCC1CN,297
c1ccc(c(c1)C(=O)Cl)Br,283
BrC(Br)(C#N)C(N)=O,396.5
CC1(C2CCC1(C(=O)C2=O)C)C,473
CCCCCCCCCCCCC=O,288
c1ccc2c(c1)OCCOCCOc3ccccc3OCCOCCO2,435
CCCCCc1ccc(cc1)O,297
c1cc(c(c(c1)Cl)CO)Cl,370
c1cc2c(cc[nH]2)cc1C#N,379
CN1CCC(CC1)N(Cc2cccs2)c3ccccc3,368
CCCCCCCCCCCCCC(=O)OC,291
Cc1c(cc(cc1Br)Br)Br,342
Brc1cc(CC#N)ccc1,301
CC(C)NC(=O)NS(=O)(=O)c1cnccc1Nc2cccc(C)c2,436
c1ccc(c(c1)c2ccc(cc2)C(F)(F)F)C(=O)O,442
c1ccc(cc1)SCC(=O)O,337
CC(C(=O)O)S,284
C1CNCCNCCCNCCNC1,459
c1ccc(cc1)c2c(c2=O)c3ccccc3,393
c1ccc(cc1)S(=O)(=O)NN,376
c1ccc(cc1)N(c2ccccc2)C(=O)Cl,357
c1cc(ccc1N=C=O)[N+](=O)[O-],331
CN1CCC(CC1)O,301
O=C(c1cc(Cl)ccc1)c2ccccc2,355
Cc1cc(c(cc1Br)C)Br,346
c1ccc(c(c1)CBr)CBr,367
c1ccc(cc1)CN(Cc2ccccc2)c3ccccc3,343
COc1ccc(Cl)cc1N,356
O=S(N)(=O)c1ccc(Cl)cc1,418
c1ccc(cc1)CSCC(=O)O,335
CCOC=C(C#N)C#N,338
CC(=NO)C,335
c1c(c(cc(c1[N+](=O)[O-])F)F)[N+](=O)[O-],347
c1cc(ccc1C(=O)O)OC(F)(F)F,426
c1cc(cc(c1)C(F)(F)F)CC(=O)O,351
c1cc(ccc1C(=O)Cl)F,283
Cc1ccc(cc1[N+](=O)[O-])F,299
Cc1c(c(c(c(c1C)C)CCl)C)C,356
c1cc(sc1)c2cccs2,305
O=Cc1ccccc1N,311
c1cn(cn1)C(=O)n2ccnc2,391
c1ccc(cc1)Nc2ccc(cc2)c3ccc(cc3)Nc4ccccc4,521
c1cc2c(cc1N)scn2,361
c1cc(ccc1CBr)Br,335
CC#CC(=O)O,350
Cc1cc(ccc1O)C2(c3ccccc3C(=O)O2)c4ccc(c(c4)C)O,497
CCCCS(=O)(=O)CCCC,317
Cc1cc(c2ccccc2n1)O,508
c1cc(c(cc1[N+](=O)[O-])C(=O)O)C(=O)O,436
c1ccc(cc1)Cc2ccc(cc2)c3ccccc3,359
c1cc(cc(c1)Cl)C(=O)N,408
Cc1ccc(cc1)C(=O)CBr,325
c1ccc(cc1)CS(=O)(=O)Cc2ccccc2,424
c1ccc(cc1)COc2ccc(cc2)OCc3ccccc3,400
c1ccc(cc1)OC(=O)N,424
CC(=O)OCCCCOC(=O)C,286
c1ccc(cc1)C(=C(c2ccccc2)c3ccccc3)c4ccccc4,497
O=C(C#Cc1ccccc1)O,409
c1(c(c(c(c(c1F)F)F)F)F)C(=O)N,421
c1cc(sc1)C(=O)c2cccs2,362
CC(=O)c1ccc(cc1)C(F)(F)F,305
c1ccc(cc1)C(=O)c2ccccc2C(F)(F)F,333
COc1cc(ccc1O)O,362
COc1cc(ccc1C(C)=O)OC,314
Cn1ccc(=O)n(c1=O)C,394
COc1cccc(c1O)C(=O)O,425
Cc1cccc2c1[nH]cc2,357
Cc1ccc(cc1)OCC(=O)O,413
CCOC(=O)c1ccc(o1)[N+](=O)[O-],373
c1ccc(cc1)COc2ccccc2,312
c1cc(ccc1)c2nnc(nc2c3ccccc3)c4ccccn4,464
c1cc2cnccc2c(c1)N,402
c1ccc(cc1)C(=O)c2ccc(cc2)[N+](=O)[O-],410
c1ccnc(c1)c2cccc(n2)c3ccccn3,364
O=Cc1cc(O)ccc1O,371
c1ccc(cc1)OCCCCBr,315
COc1ccc(cc1C(C)=O)OC,293
CCOc1ccc(cc1)C(C)(C)COCc3cc(Oc2ccccc2)ccc3,309
OCc1ccccc1Br,354
Clc1ccccc1OC(C)C(=O)O,387
c1ccc(cc1)C(=O)CCC(=O)O,390
c1ccc(c(c1)C#N)C(=O)N,446
c1ccc(cc1)CNC(=O)c2ccccc2,379
c1cc(c(cc1F)F)C(=O)O,461
c1cnc(nc1)Cl,339
c1ccc(cc1)NC2CCCCC2,288
c1cc(ccc1C(=O)N)C(F)(F)F,457
c1cc(c(c(c1)F)C#N)F,303
COc1cc(cc(c1OC)O)C(=O)O,469
CCCCCC(=O)OC(=O)CCCCC,233
c1ccc(cc1)c2ccc(cc2)C(=O)c3ccccc3,374
c1ccc2cc(ccc2c1)C(=O)Cl,323
COc1ccc(cc1)N=C=S,292
C=CCC(C(=O)O)C(=O)O,377
c1ccc(cc1)c2ccccc2CO,322
c1cc(ccc1CO)C(=O)O,454
Ic1cc(Cl)cc(Cl)c1,329
c1cc(ccc1C#N)I,399
c1ccc(cc1)c2ccc(cc2)C=O,332
c1cc(cc(c1)[N+](=O)[O-])N=C=O,325
c1ccc(cc1)C(c2ccccc2)(c3ccccc3)S,379
c1cc(ncc1[N+](=O)[O-])N,461
c1ccc2c(c1)c(ccn2)C=O,323
COc1cc(ccc1O)C#N,360
c1cc2c(cc1C#N)OCO2,366
CC(CO)(CO)C(=O)O,462
O=Cc1c2c(ccc1OC)cccc2,357
O=S(=O)(C=C)c1ccccc1,341
CCC(=O)c1ccc(cc1O)O,373
c1ccc(c(c1)C(=O)NN)Cl,391
c1cc(c(cc1Cl)C#N)N,369
CCOC(=O)C(C(=O)OCC)C(=O)OCC,301
Clc1cccc(Cl)c1CC(=O)O,432
c1ccc(cc1)P(CCCP(c2ccccc2)c3ccccc3)c4ccccc4,334
C1CN(CCN1CCCN)CCCN,287
O=C(Cl)Oc1ccc(cc1)[N+]([O-])=O,351
Cc1ccc(cc1Br)N,300
c1ccc(c(c1)c2ccccc2Br)Br,353
CC(=O)c1ccc(cc1)OC(=O)C,326
c1ccc2c(c1)OCCOCCOCCOCCO2,353
c1cc(cc2c1cc[nH]2)Cl,362
COc1cc(ccc1Br)OC,299
OC(C)(C)C1CC=C(C)C(O)C1,404
CCCCCCCCCCc1ccc(cc1)N,297
OC(=O)c1ccc(Cl)cc1OC,419
CCCCCCC(C(=O)O)O,342
c1ccc(cc1)C2CCCCC2=O,331
c1cc(ccc1C=O)I,350
CC1=C(C=C(C=C1[N+](=O)[O-])[N+](=O)[O-])C(=O)O,479
c1c(cc(cc1F)F)C(=O)O,394
c1ccc(cc1)COC(=O)N2CCC[C@H]2C(=O)O,349
[O-][N+](=O)C(COC(C)=O)C(OC(C)=O)c1ccccc1,344
C1CC(CNC1)CO,333
CC(C)CCC#C,149
CCCc1ccc(cc1)C(=O)O,415
Cc1ccc2c(c1)no[n+]2[O-],370
OC(C(O)C(O)C(O)C=O)C(=O)O,439
CCOc1ccc(cc1)I,301
Clc1ccc(CC#N)cc1,304
Cc1ccc(cc1)CC(=O)O,365
COc1ccc2c(c1)no[n+]2[O-],390
CN1[C@@H]2CC[C@H]1CC(=O)C2,315
OC1CCC2(C)C3CCC4(C)C(CCC4C(C)CCCC(C)C)C3CC(O)C2(O)C1,510
Clc1ccc(/C=C/C(=O)O)cc1,521
COc1ccc(cc1)/C=C/C(=O)O,446
c1ccc(cc1)NC(=S)NN,411
Brc1ccc(/C=C/C(=O)O)cc1,535
C1C(=O)NC(=S)S1,442
Oc1ccc(cc1OC)CNC(=O)CCCC/C=C/C(C)C,339
O=C1CC(=O)NC(=S)N1,507
C1CSC(=S)N1,378
O(CCN(C)C)c1ccc(cc1)C(c1ccccc1)=C(CC)c1ccccc1,369
CCNC(=S)NCC,350
O=C1CCC2C3CCC4(C)CC5(OCCO5)CCC4(C)C3CCC12C,431
O=C1CC2CC(OC(=O)C)CCC2(C)C2CCC3(C)C(=O)CCC3C12,437
C([C@H]([C@@H]([C@@H]([C@H](C=O)O)O)O)O)O,439
c1cc(c(cc1[N+](=O)[O-])O)O,449
C=Cc1cccc(c1)C(=O)O,368
CC/C=C/CC(=O)O,284
c1ccc(c(c1)c2nc3ccccc3s2)O,405
O[C@@H](CO)[C@H](O)[C@H](O)CO,375
c1ccc(cc1)/N=N/c2ccc(cc2)O,427
Cc1ccccc1NC(=O)C,384
O=C(Nc1ccccc1)C[N+]([O-])=O,366
CCCCOC(=O)CCCCCCCCC(=O)OCCCC,262
Cc1cccc(N)c1C,275
c1ccc2c(c1)ccc(=O)o2,343
Cc1cccc(c1Cl)C,237
c1cc(c(cc1Br)Cl)Cl,297
Cc1ccc(cc1O)C(C)C,275
CC(C)c1ccc(cc1)CO,300
Oc2ccc(N=Nc1ccccc1C(=O)O)cc2,478
C(C(=O)CCl)Cl,317
CN(C)c1ccc(cc1)N(C)C,323
CNc1ccccc1C(=O)OC,291
CC(=O)c1cccc(c1)OC,266
Cc1ccc(CCl)cc1,277
Nc1ccc(Cl)cc1OC,324
c1ccc(cc1)Cc2ccc(cc2)O,356
COc1cc(cc(OC)c1)C(=O)OC,316
CCOC(=O)CNc1ccccc1,330
c1cc(c(cc1Cl)Cl)Br,300
c1ccc(cc1)Oc2cccc(c2)N,309
COc1c(c(c(c(c1F)F)F)F)F,235
N#Cc1cccnc1,323
O=Cc1ccc(O)cc1,391
CC(=O)C,179
CCCCCCCCO,257
C(CCNCCCN)CNCCCN,302
c1cc2ccc3cccnc3c2nc1,391
CC(C)NCC(O)COc1ccccc1CC=C,381
Clc1ccc(cc1)C(CN)CC(=O)O,480
CCCCOc1ccc(CC(=O)NO)cc1,426
CCN(CC)C(=O)Nc1ccc(OCC(O)CNC(C)(C)C)c(c1)C(C)=O,383
Clc1cc(Cl)c(Cl)nc1OP(=S)(OCC)OCC,315.5
Cc1ccc(C)c(OCCCC(C)(C)C(O)=O)c1,334
COC1=CC(=O)CC(C)C13Oc2c(Cl)c(OC)cc(OC)c2C3=O,492
ICC(N)=O,367
CNCCCC13CCC(c2ccccc12)c4ccccc34,365
NC(=O)CS(=O)C(c1ccccc1)c2ccccc2,437
CN3CC(c1ccccc1)c2cccc(N)c2C3,452
CCN1CCCC1CNC(=O)c2cc(ccc2OC)S(N)(=O)=O,451
CNS(=O)(=O)Cc2ccc1[nH]cc(CCN(C)C)c1c2,442
CC1(C(=O)N(C(=O)O1)C)C,320
c1cc(sc1)C(=O)CC(=O)C(F)(F)F,316
COc1ccccc1N3CCN(CCCNc2cc(=O)n(C)c(=O)n2C)CC3,429
Oc3cc4CC[C@@H]2[C@H](CC[C@@]1(C)[C@H]2C[C@@H](O)[C@@H]1O)c4cc3,555
C1=CC(=C(C=C1C(=O)O)Cl)Cl,481
[O-][N+](=O)c2cc[n+]([O-])c1ccccc12,427
O=S(=O)(OCC)OCC,249
CS(C)(=O)=O,382
Cc1ccc(cc1)S(=O)(N)=O,412
CC(C)c1cc(c(C)c(Br)c1O)C3(OS(=O)(=O)c2ccccc23)c4cc(C(C)C)c(O)c(Br)c4C,473
CC(=O)NC,300
c1ccc(cc1)c2ccccc2c3ccccc3,330
CCn3c1ccccc1c2ccccc23,342
O=C(O)c2cccc1ccccc12,435
Nc1ccc(cc1)c2ccccc2,326
c1ccc(cc1)C(CO)O,340
Clc1cc(C)c(OC(C)C(=O)O)cc1,367
O=C(Nc1ccccc1)c2ccccc2,436
[O-][N+](=O)c1ccc2ncnc2c1,481
Oc1ccc(O)c(C)c1,402
C(C(CBr)Br)Br,290
C(C(CCl)Cl)Cl,259
CC1CCCC1,130
CC(C)COC(=O)C(C)C,192
OC(=O)c1cc(O)ccc1,476
O=[N+]([O-])c1cc(cc(c1)[N+]([O-])=O)C(=O)O,479
Nc1cc(ccc1OC)[N+]([O-])=O,391
O=[N+]([O-])c1cc(C=O)ccc1,332
O=[N+]([O-])c1ccc(cc1)C(=O)OCC,331
CNc1ccc(cc1)[N+]([O-])=O,425
O=[N+]([O-])c1ccc(cc1)[N+]([O-])=O,446
CCN1CCOCC1,210
C=CCOc1nc(nc(OCC=C)n1)OCC=C,299
O=C(Nc1ccccc1)CC(C)=O,359
O=CNc1ccccc1,320
O=C(C)Nc1ccc(cc1)[N+]([O-])=O,488
O=C1CCCCCN1,342
O=C1CCC(=O)O1,392.5
Cc1cccc(c1)C,226
CCCCCCS,192
CCCSCCC,171
CCCCCCCCCCBr,243
CCCCCCCCCC=O,268
CCCCCCCCCCCCCCO,313
c1ccc(cc1)OC(=O)c2ccccc2O,316
c1cccc2cccc2c1,372.5
c1ccncn1,294
Cc2nc1ccccc1c(=O)n2c3ccccc3Cl,399
O=[N+]([O-])c1cc(cc([N+]([O-])=O)c1Cl)C(F)(F)F,330
O=[N+]([O-])c1ccc(cc1)C(F)(F)F,312
Clc1ccc(NC(C)=O)cc1,451
CCCCl,151
ClCCC#N,223
CCC(C)(C)CC,138
CC(=C(C)C)C,198
CC(C)C(C)C(C)C,163
c1ccc(c(c1)[N+](=O)[O-])Br,315
Ic1ccc(Br)cc1,364
CCCC(C)(C)O,170
CC1(O)CCCCC1,299
BrC(c1ccccc1)(c2ccccc2)c3ccccc3,426
[O-][N+](=O)c1cc([N+]([O-])=O)c(O)c2ccccc12,404.5
Clc1cccc(Cl)c1N,313
O=[N+]([O-])c1cc(cc(C(=O)O)c1O)[N+]([O-])=O,443.5
O=[N+]([O-])c1ccccc1C#N,382
CC(C)(C)OOC(=O)c1ccccc1,281
Brc1ccc(Br)c(C)c1,278
COC(=O)c1cccc(c1)Br,305
c1cc(cc(c1)C(=O)O)C=O,447
O=[N+]([O-])c1cc(C#N)ccc1,390
O=[N+]([O-])c1ccc(cc1)C(=O)OC,369
N#Cc1cccc(C#N)c1,434
CCCc1ccc(cc1)O,294
N#CCCc1ccccc1,271
CC(C)CC=C,120
O=C(O)CCCCCCCCCCC(=O)O,402
CCCCCCCCCCCBr,264
[O-][N+](=O)c1cnc(C)n1,526
O=C(c1ccccc1)C2CCCCC2,328
CCC(C)C=C,119
O=C1CCCN1C,250
N#Cc1ccc(N)cc1,357
FC(F)(F)C(O)C(F)(F)F,270
O=C(O)CCCCCCCCCCCCCC,325
CC(C)CCCCC(C)C,218
CN(C)c1ccncc1,384
Clc1ccc(cc1)C(=O)OC,317
COC(=O)c1ccc(cc1)C=O,334
Clc1cc(CC(=O)O)ccc1,351
COc1cc(cc(c1OC)OC)C#N,366
C(CSSCCO)O,298
Clc1c(OC)cccc1Cl,304
Brc2ccccc2c1ccccc1,275
c1ccc(c(c1)C(Cl)(Cl)Cl)Cl,303
Clc1nc2ccccc2nc1Cl,425
COc1cc(OC)c(cc1OC)C=O,387
O=[N+]([O-])c1c(cccc1Cl)C(=O)O,510
ClS(Cl)=O,169
CCC(C)N,169
CC(C)C1=NC=C(N1C)[N+](=O)[O-],334
Brc1ccc(CC#N)cc1,321
CC(Cc1ccccc1)NC(C#N)c2ccccc2,358
NC(=O)CN2Cc1ccccc1OC2=O,476
O=[N+]([O-])c1c(Cl)cc(Cl)cc1Cl,345
COc1cc(cc(OC)c1OC)C(=O)NCCCCCC(O)=O,394
CCC(=O)OC(=O)CC,228
CCCCCCCC#N,228
CCCCOP(=O)(OCCCC)OCCCC,193
FC(F)(F)CN2C(=O)CN=C(c1ccccc1)c3cc(Cl)ccc23,437
Clc1cc(OC)cc(Cl)c1,313
Oc1ccc(cc1OC)CO,387
CCN(CC)c1ccc(cc1)C=O,313
O=C(c1ccccc1)c2cccs2,330
c1cnn[nH]1,297
Fc1c(c(F)c(F)c(F)c1F)c2c(F)c(F)c(F)c(F)c2F,340
c1ccc2c(c1)no[n+]2[O-],342
CC(C)C(N)=O,402
Clc1ccc(cc1)c4nc3c2ccccc2ccn3n4,511
COC1=C(OC)C(=O)C(C)=CC1=O,331.5
O=C(N)c1ccccc1Cl,416
OC(=O)c1ccc(cc1)C(=O)c2ccccc2,471
Cc1cccc(c1)C(=O)N,369
N#CCc1ccc(cc1)CC#N,368
OCc1cccc(CO)c1,331
N#CCc1cccc(c1)CC#N,306
Cn1c2c(c(=O)n(c1=O)C)n(cn2)CC(=O)O,543
O=C(N)c1ccc(Br)cc1,464
COc1cc(ccc1OC)[N+]([O-])=O,370
COc1cc(cc(OC)c1C=O)OC,393
CN1CCC(CC1)N(Cc2ccccc2)c3ccccc3,387
CCCC(C)C1(C=C)C(=O)NC(=O)NC1=O,363
Fc1c(c(F)c(F)c(F)c1F)C(=O)c2ccccc2,310.5
CC1(O)CCCC1,310
c1cc(ccc1CC(=O)O)Br,390
CCOc1ccccc1OCC,317
O=C(N)c1ccc(N)cc1,455
O=C(N)c1ccccc1Br,433
Cc1c(cccc1OC)OC,313
CC(=O)c1cccc(c1)C#N,372
SCc1ccc(Cl)cc1,292
COC(=O)NN,345
COc1cc(cc(Cl)c1)OC,307
ClCc1c(c(cc(c1C)C)C)C,342.5
COc1cc(ccc1)C(N)=O,406
OCc1ccccc1I,365
CC(=O)Oc1ccc(cc1)c2ccccc2,361
C[C@@H]1CC(=O)C=C([C@]12C(=O)c3c(cc(c(c3O2)Cl)OC)OC)OC,492
Sc1nc(CCC)cc(O)n1,493
C1=NC2=C(N1)C(=S)N=CN2,587
C=CCC2(C1CCCC=C1)C(=O)NC(=S)NC2=O,421
OCNC(=S)NC,361
O=C\2c1c(cccc1)S(=O)(=O)N(C/2=C(\O)Nc3ncccc3)C,471
COc1cc(C)c(C=CC(C)=CC=CC(C)=CC(O)=O)c(C)c1C,501
ClC1=C(Cl)[C@@]2(Cl)C(Cl)(Cl)[C@]1(Cl)[C@@H]3[C@H]2[C@@H]4C[C@H]3[C@H]5O[C@@H]45,449
c1cc(cc(c1)[N+](=O)[O-])C(=O)N,415
NCCO,284
OCCNCCO,301
OCCN(CCO)CCO,292.5
C(CCl)Cl,238
OCCCO,246
Cc1cccc(C)n1,267
N#CCC(=O)OCC,251
c1cc2c(cc1C=O)OCO2,309
Cc1cc(N)ccc1C,324
c1cc(oc1)C(=O)Cl,272
O=C(CCC(=O)OCC)OCC,253
Nc1cccc(OC)c1,273
CN(C)c1ccc(Br)cc1,328
Cc1ccccc1Cl,237
Cc1ccccc1Br,246
Oc1ccc(cc1OC)CC=C,264
N#CCCCCC#N,275
COc1ccccc1Br,275
ClC(Cl)c1ccccc1,257
C(OCc1ccccc1)c2ccccc2,276
Fc1cc(F)ccc1[N+](=O)[O-],282
C(CCCl)CCCl,201
O=C(C)c1ccc(Cl)cc1Cl,307
Clc1ccc(C=O)cc1Cl,317
CCOCCOCCOCC,229
Oc1ccc(cc1OC)C(C)=O,387.5
COc1ccc(cc1)C(=O)OC,323
CC(C)(O)C(C)(C)O,316
Clc1ccccc1CC#N,297
COc1ccccc1C=O,311
O=Cc1cc(Cl)ccc1,291
O=[N+]([O-])c1cc(Cl)ccc1Cl,329
ClCc1ccccc1CCl,329
CCOC(=O)c1ccc(cc1)OC,281
COCc1ccccc1,220
Clc1ccc(Cl)c(I)c1,294
O=[N+]([O-])c1ccc(Br)cc1,399
Cc1cc(Br)c(C)cc1,283
OC(=O)CC(O)(CC(O)=O)C(=O)O,426
CCC=O,192
CN(C)c1ccccc1,275
CCCO,146
CC1=CNC(=O)NC1=O,589.5
Oc1ccc(Cl)c(O)c1,380
Clc1ccccc1C(c2ccccc2)(c3ccccc3)n4ccnc4,420
BrCBr,221
NC(=O)OCC(COC(N)=O)c1ccccc1,424
ClC(Cl)C(F)(F)OC,238
Cc1ncc([N+]([O-])=O)n1CCO,433
Oc1cccc(O)c1,384
COC1=NC(=NC(=C1)NS(=O)(=O)C2=CC=C(C=C2)N)OC,477.5
NC(=O)OCC,321
OC(=O)c1c(Cl)cccc1Cl,417
C[C@]12CCC(=O)C=C1CC[C@@H]3[C@@H]2CC[C@]4([C@H]3CC[C@]4(C)O)C,436
CCCCCO,195
CC(C)Cl,155
CC(C)(C)O,298
CC(C)(C)CC,173
CC(C)(C)C(C)=O,220.5
CC(=O)CC,186
C=CC(=O)O,286
CC(C)C(C)C,145
CC(C)C(=O)O,226
ClC(Cl)C(Cl)Cl,230
Cc1cccc(C)c1[N+](=O)[O-],288
OC(=O)c1ccccc1I,435.5
CC(C)c1ccccc1O,289
Oc2cccc1ccccc12,368
O=C(CC)c1ccccc1,291
CCOC(=O)C(=O)OCC,232
CC1=CC(=C(C=C1C)C)C,352
CCC(=O)CC,233
[O-][N+](=O)c1ccccc1,278
O=[N+]([O-])c1cccc(c1)[N+]([O-])=O,362
ON=C1/CCCCC1,363
CCCN(CCC)CCC,179.5
CCCc1ccccc1,174
CCNc1ccccc1,209
O=COC,173
C=C(C)CC(C)(C)C,179
CC1CCCCC1,146
Clc1ccccc1,228
CCCCN,224
CCCCCCCCC,220
CCCCCCCCN,272
CCCCCCCCCCO,280
CCCCCCCCCCCCCCCCCCCC,309.7
c1ccc(cc1)C(c2ccccc2)C(=O)O,420
O=C(O)CCCCCCC(=O)O,416
CC(C)(C)Cl,247
c1ccccc1C(c2ccccc2)c3ccccc3,367
C=C(C)CC,136
CCCCCCCCCCCCCCCCC,294
CCCCCCCCCCCCCCCCCCC,306
CCCCCCCCCCCCC=C,260
NC1=NCC(O1)c2ccccc2,409
OC(=O)c1cc(ccc1Cl)[N+]([O-])=O,439
NCCCCCCO,329
CC(Oc1c(Cl)cccc1Cl)C2=NCCN2,399
Clc1ccc(OC)c(Cl)c1Cl,342
C1=C2C(=NC(=N1)N)N(C=N2)COCCO,462
CC(C)(Cl)CC,200
O=[N+]([O-])c1ccc(CC#N)cc1,389
COc1cc(cc(OC)c1)C=O,320
O=CC=Cc1ccccc1,266
Nc1cc(ccc1O)[N+]([O-])=O,417
Cc1ccc(N)cc1,316
C=CCCl,139
BrC(Br)Br,282
CC(=O)OCCOCC,211
COC(=O)c1ccc(cc1)C(=O)OC,414
Cc1ccc(Cl)cc1,280.5
COc1cc(ccc1OC)C=O,317
Oc1cc(C)c(Cl)c(C)c1,388
Oc1ccc(Cl)c(C)c1,340
ClCCCCCl,235
CCCCO,184
CCCSc1ccc2c(c1)nc([nH]2)NC(=O)OC,482
CCC1(CCC(C)C)C(=O)NC(=O)NC1=O,429
CNC(NCCSCc1nc[nH]c1C)=NC#N,414
O=C(O)CCCCCCCCC,304
OC3N=C(c1ccccc1Cl)c2cc(Cl)ccc2NC3=O,439
O=Cc1c(Cl)cccc1Cl,343.5
COC1=C(C=C(C=C1)C(=O)O)OC,454
O=Cc1ccc(O)cc1O,409
CCC#N,181
NC1CCCCC1,255
CCCCC=O,181.5
C1=CC(=CC(=C1)[N+](=O)[O-])C(=O)O,414
Oc1ccc2ccccc2c1,395
C1=CC=C2C(=C1)C3=CC=CC4=C3C2=CC=C4,381
C1=CC=C2C(=C1)C3=CC=CC=C3C2=O,356
CCC1(C(=O)NC(=O)NC1=O)C2=CCCCCC2,447
CCNC1=NC(=NC(=N1)SC)NC(C)(C)C,378
C1=CC(=C(C(=C1[N+](=O)[O-])Cl)Cl)Cl,328.5
O=C=N/c1cc(ccc1C)N=C=O,293.5
Oc1ccccc1O,378
Cc1cc(O)ccc1,284
C1=C(C(=C(C(=C1Cl)Cl)Cl)Cl)Cl,358
CC(C)NCC(COC1=CC=C(C=C1)CC(=O)N)O,419
CN(C)C(=O)NC1=CC(=C(C=C1)Cl)Cl,432
O=C(N)OCC(C)(COC(=O)N)CCC,378
COc2ccc1[nH]c(nc1c2)S(=O)Cc3ncc(C)c(OC)c3C,429
C[C@H](CCCC(C)C)[C@H]1CC[C@@H]2[C@@]1(CC[C@H]3[C@H]2CC=C4[C@@]3(CC[C@@H](C4)O)C)C,421
C1C2=CC=CC=C2OC3=CC=CC=C31,374
CN(C)c1ccc(C=O)cc1,347
CCOC(=O)C1=CC=C(C=C1)O,389
CC(=O)NS(=O)(=O)C1=CC=C(C=C1)N,455
O=C(NN)c1ccncc1,444
C1=CC(=CC=C1Br)Br,361
C1=C(C(=CC(=C1Cl)Cl)Cl)Cl,412
c1ccccc1,278.5
CC(=O)NC1=CC=CC=C1,387
CC(C1=CC(=CC=C1)C(=O)C2=CC=CC=C2)C(=O)O,366
CCCOC(=O)C1=CC=C(C=C1)O,369
C1=CC=C(C=C1)C(=O)O,395
c1ccc(cc1)CS,243
C1CC(=O)C1,222
c1cc(ccc1S(=O)(=O)c2ccc(cc2)Cl)Cl,422
Cc1cc(cc(c1)C(=O)O)C,443
C1CNCCC1CCCC2CCNCC2,339
CC(C)C(=O)C,181
CC(=O)CCC,195
CC2(C)C(=O)C1(C)CCC2C1,278
ICI,278
COc1ccccc1[N+]([O-])=O,282.4
Fc1ccccc1O,288
O=C(c1ccccc1)c2ccccc2,321
C1=CC=C(C=C1)O,314
CCCCCC=C,154
CCCCCCCC(=O)O,290
Cc1cc(c(c(c1)C)CC(=O)O)C,442
CCCC,135
c1ccc2c(c1)C(=O)OC2=O,405
BrC=C,134
OC(=O)CCCCC(=O)O,425
OC(c1ccccc1)(c2ccccc2)c3ccccc3,436
C1=CC(=CC=C1C(=O)O)N,462
Fc1ccc(cc1[N+](=O)[O-])[N+]([O-])=O,300
c1ccccc1Oc2ccccc2,300
c1cc(ccc1N)F,271
CCCCCCCCCCCCCC=C,269
Nc1ccccc1OC,278
FC(F)(C(F)(F)C(=O)O)C(F)(F)C(F)(F)C(F)(F)C(F)(F)C(F)(F)F,328.5
c1cc(ccc1C#N)F,309
C(CCCCO)CCCCO,320
c1ccc(cc1)Oc2ccccc2N,320
O=C1C=CC(=O)O1,326
Nc2cccc1ccccc12,322
O=C(O)CCCCCCCCCCCCC,328.1
CCCCCCCCCCCCCCCCCCCCCCCCCCCCCC,339
O=S(c1ccccc1)c2ccccc2,343
CCCC(N)=O,389
C1=CC(=CC=C1N)S(=O)(=O)N,439.2
COc1ccc(cc1OC)CC#N,337
Cc1ccc(cc1)C,285
C1CSCCS1,384
Cc1csc(n1)S,361
O=C(O)CCCC(=O)O,369.5
CN1CCC(CC1)=C2c4ccccc4C=Cc3ccccc23,385.8
O=C(O)CCCCCCCCCCCCCCCC,333
N#Cc1ccccc1Cl,318
O=[N+]([O-])c1cc(CBr)ccc1,332
c1ccc(c(c1)Cl)Cl,255
BrCCCl,256
Cc1cccc(c1)N,243
c1ccc2cc(ccc2c1)c1ccc2ccccc2c1,460
c1ccc(cc1)c2[nH]ccn2,421
OC(=O)c1cc(I)ccc1,460
O=Cc1ccccc1,217
CCc1nnc(s1)N,473
Clc2cc(Cl)ccc2Oc1ccc(Cl)cc1O,330
Cc1ccc2ccccc2c1,306
c1ccccc1C2CO2,236
c1cc(ccc1F)Br,257
CCCCCCCCCCCCCCCCCCCCCCC,322
Fc1c(F)c(F)c(F)c(F)c1F,276.9
CCOc1cccc(c1)OCC,284
FC(F)(F)c1ccccc1Cl,265.6
c1c(cc(cc1Cl)Cl)[N+](=O)[O-],337
O=COCC,192
C1=CC(=CN=C1)C(=O)O,509.6
c1cccs1,235
CF,129.7
COc1ccccc1N2CCNCC2,310
CN1CC=C(CC1)c2ccccc2,311.5
CC(C)(C(=O)O)Oc1ccc(cc1)Cl,393
CC(C)CC(NC(=O)C(O)C(N)Cc1ccccc1)C(O)=O,506
FC(F)(F)S(=O)c1c(N)n(nc1C#N)c2c(Cl)cc(cc2Cl)C(F)(F)F,472
COc1ccc(c(c1)O)C(=O)c2ccccc2,337
CCCN(CCC)C(=O)C(CCC(O)=O)NC(=O)c1ccccc1,415
CC(C)Oc1ccccc1OC(=O)NC,364.5
CC(C)(C)NCC(O)c1cc(O)cc(O)c1,392
c1ccc2c(c1)ccc(=O)[nH]2,471
CC(C)(C)S,274
c1ccc(cc1)C(c2ccccc2)(c3ccccc3)Cl,385
c1ccc2c(c1)cccc2C#N,309
Nc1ccc2ccccc2c1,384.5
c1ccc(cc1)c2ccc(cc2)Br,363
c1ccc2cc(ccc2c1)C(=O)O,457
CCOc1ccc2ccccc2c1,309
O=C(O)[C@@H]1CCC(=O)N1,434.5
Cc1cc(ccc1N)[N+](=O)[O-],405
CCCCCCCCCCCCCO,307
Cc1c(c(=O)cco1)O,436
Cc1cc(ccc1N)c2ccc(c(c2)C)N,403
c1ccc2c(c1)cccc2CC#N,307
c1ccc2c(c1)cc(cc2O)O,398
CCCCCCCCCCCCCCCC(=O)OC(C)C,285
c1ccc(cc1)CSSCc2ccccc2,343
c1cc2cccc3C=Cc(c1)c23,364
c1cc(c(cc1Cl)NN)Cl,377
O=C(O)C1CSCN1,468
c1cc(ccc1C(=O)O)C(F)(F)F,494
c1cc(sc1)C(=O)O,401
CC(C)c1ccc(cc1)C(=O)O,392
c1ccc(cc1)c2c(c(=O)c3ccccc3o2)O,443
[O-][N+](=O)c1cccc2cccc([N+]([O-])=O)c12,444.5
Cc2ccccc2c1ccccc1C,291
c1cc(c(c(c1)Br)O)Br,328
Cc1cc2ccccc2nc1,288
c1ccc(c(c1)OCC(=O)O)Cl,423
O=C1C=C(Cl)C(=O)C=C1Cl,434.5
c1cc(ccc1Cc2ccc(cc2)O)O,434
COc1ccc(cc1O)C(=O)O,526
c1cc[n+](cc1)[O-],337
c1c(c(cc2c1OCO2)[N+](=O)[O-])C=O,368
CCOC(=O)Cc1c[nH]c2c1cccc2,316
C1C2C=CC1C3C2C(=O)OC3=O,439
c1ccc(cc1)OP(=O)(O)Oc2ccccc2,339
c1ccc(cc1)N2C(=O)C=CC2=O,362
O=C(C(c1ccccc1)c2ccccc2)N(C)C,406.5
c1ccc(cc1)c2cc(ccc2O)O,374
COc1cc(cc(c1)OC)C(=O)O,457
c1ccc-2c(c1)Cc3c2ccc(c3)Br,385
COC(=O)c1cccc(c1)C(=O)OC,342
c1c(cc(c(c1[N+](=O)[O-])N)Br)[N+](=O)[O-],425
c1cc2c(cc[nH]2)cc1O,382
COC(=O)c1ccc(cc1O)O,391
c1ccc2c(c1)-c3ccccc3C2=NO,467
c1ccc(cc1)CCCCC(=O)O,332
CCc1ccc(cc1O)O,370
CC(=O)CCCC(=O)O,285
c1ccc(cc1)Oc2cccc(c2)C(=O)O,421
c1cc(c(cc1Br)Cl)O,322
COc1cccc(C#N)c1OC,317.5
c1ccc(cc1)CN(Cc2ccccc2)Cc3ccccc3,366
Cc1ccc(cc1OC)N,331
Clc1c2COC(=O)c2c(Cl)c(Cl)c1Cl,481
c1cc(sc1)c2ccc(s2)c3cccs3,365
C[Si]1(N[Si](N[Si](N[Si](N1)(C)C)(C)C)(C)C)C,369
COc1ccc(cc1[N+]([O-])=O)OC,344
c1cc(c(cc1Cl)Cl)C(=O)Cl,291
CC(CCC(=O)O)(c1ccc(cc1)O)c2ccc(cc2)O,446
c1cc(c(cc1N)[N+](=O)[O-])F,369
c1cc(cc(c1)C(F)(F)F)C#N,289
C(C(C(C(CO)(F)F)(F)F)(F)F)O,351
C=Cc1ccc(cc1)F,237
c1c(=O)[nH]c(=O)[nH]n1,549
c1ccc2c(c1)C(=O)CCO2,311
COc1ccccc1OC(=O)c2ccccc2,332
O=C1OCc2ccc(OC)c(OC)c21,374
c1cc2ccc(cc2c(c1)O)O,455
CCS(=O)(=O)CC,345
CCC(=O)c1cc(ccc1O)O,371
CCCCCCn1c(=O)c2c(ncn2C)n(c1=O)C,354
O=C(O)c1ccc(OCCCC)cc1,420
CCOC(=O)C(=O)Nc1ccccc1,340
C[Si](C)(C)[Si](C)(C)C,285
Cc1csc(n1)N,317
C(CCCCCCCCCC(=O)O)CCCCCCCCC(=O)O,400
Cc1ccc(cc1C)C(=O)c2ccccc2,319
On2nnc1ccccc12,432
O=C1C(=CC(=CC1=O)C(C)(C)C)C(C)(C)C,386.5
CCCC(=O)NN,317
O=C(O)CCCc1ccc(OC)cc1,332
Cc1ccc(s1)C(=O)C,299
Cc1c(c[nH]n1)Br,348
c1cc2c(cc1N)cn[nH]2,448
c1cc(c(c(c1)F)O)F,311
c1ccc(cc1)C(C(=O)c2ccccc2)Cl,340
O=C1OC(C)(C)C(C1)C(=O)O,449
CCP(=O)(O)O,334.5
C=C(C(=O)O)C(F)(F)F,323
O=C(O)C(=Cc1ccccc1)c1ccccc1,444
Cc1c(=O)[nH]c(=S)[nH]n1,493
O=[N+]([O-])c1cc(N)ccc1N,411.5
c1cc(ccc1c2coc3cc(cc(c3c2=O)O)O)O,573
c1ccc(cc1)c2cc(=O)c3c(cc(cc3o2)O)O,560
Clc1cc(C(=CCl)OP(=O)(OC)OC)c(Cl)cc1Cl,370.5
ON=Cc1ccccc1,309.5
NC(=O)CCCCCCCCCCC/C=CCCCCCCCC,352
c1ccc2c(c1)cc(o2)C(=O)O,467
CC(=O)c1cccnc1,285
CN(C)c1cccc(c1)[N+](=O)[O-],332
Cc1cc2c(cc1C)nc[nH]2,477
O=C(O)CCCCCCCCCCCCCCC,335.5
COc3ccc2n(C(=O)c1ccc(Cl)cc1)c(C)c(CC(=O)OCC(O)=O)c2c3,423
c1cc2c(cc(c(c2nc1)O)Cl)Cl,454
Clc1c(ccc(OCC(=O)O)c1Cl)C(=O)C(=C)CC,395.5
O=C1C=CC(=O)N1CC,317
ICC(=O)O,354
Cc1ccc(cc1)S(=O)(=O)NC(=O)NN2CCCCCC2,443
c1ccc(cc1)C(=O)CBr,323
C#CC1(O)CCCCC1,306
O=C(c1ccc(Br)cc1)c2ccccc2,355
CC(C)(C)c1ccc(cc1)C(=O)O,438
C(C#N)C(=O)N,393
O=C1OC(=O)c2c1c(Cl)c(Cl)c(Cl)c2Cl,528.5
c1ccc2c(c1)c(c[nH]2)CCCC(=O)O,396
O=C(c1ccc(Cl)cc1)c2ccccc2,349
c1cc(nc(c1)N)N,393
Cc1ccco1,184
OCc1ccc(CO)cc1,391
c1ccc2c(c1)ccc(c2c3c4ccccc4ccc3O)O,490
O=C(Oc1ccc(C)cc1)c2ccccc2,343
Ic1ccc(I)cc1,404
CN(C)C1=NC(=O)C(O1)c2ccccc2,406
Cc1cc[n+](cc1)[O-],457
OC(=O)c1ccc(C=C)cc1,415
O=C(N)c1c(Cl)cccc1Cl,471
O=C(C)Oc1ccc(cc1)C(=O)O,467
Nc1ccc(cc1OC)OC,306.5
O=C(O)COc1ccccc1,373
CCOC(=O)Nc2ccc(NCc1ccc(F)cc1)nc2N,387
O=Cc1ccc(C#N)cc1,375
O=C(CO)c1ccccc1,279
O=[N+]([O-])c1cc(CO)ccc1,305
O=C(OC(C)(C)C)NCC(=O)O,361.5
Clc1cc(N)cc(Cl)c1O,441.5
Nc1ccc(cc1)C2CCCCC2,326
C[C@@H](O)[C@H](C)O,306
ClCC=CCCl,275
COc1ccc(cc1)C(N)=O,438
Oc2cccc(Nc1ccccc1)c2,354.5
Nc1ccc(O)cc1,462
c1cc(ccc1N)S(=O)(=O)c2ccc(cc2)N,450
CCN(CC)C(=S)SSC(=S)N(CC)CC,343
c1cccc2ncnc12,444
C=CC(=O)OC,198
C1CCC(CC1)C(=O)O,304
O=[N+]([O-])c1cccc(N)c1,387
CC(=O)CCC(C)=O,266
Cc1cc(N)c(N)cc1,362.5
CC(=O)CCCC,216
Nc3ncnc2c3ncn2[C@@H]1O[C@H](CO)[C@@H](O)[C@H]1O,507
ClC(Cl)(Cl)C(=O)O,330
ClCC(=O)O,336
Nc1ccccc1N,374.5
Ic1cccc(c1)[N+](=O)[O-],310
N#Cc1ccc(C)cc1,302
COc1ccc(cc1)C(=O)O,456.5
N(=C=N\C1CCCCC1)\C2CCCCC2,307.5
Cn1ccnc1S,419
NC(=O)N2c1ccccc1C=Cc3ccccc23,463
CC(=O)c1ccccc1,292
N#CN,317
C1CC2=CC=CC3=C2C1=CC=C3,368
CCOc1ccc(N)cc1,276
C1COCCN1CCN,297
C1=C(C=C(C=C1Cl)Cl)Cl,337
O=Cc1cccc(C=O)c1,362
Cn3c1ccccc1c2ccccc23,364
O=C1NC(=O)NC(=O)C1(CC=C)C(C)C,414
C1=CC(=CC=C1C(C2=CC=C(C=C2)Cl)C(Cl)(Cl)Cl)Cl,383
C1CC[C@H]2CCCC[C@@H]2C1,241
CCOC(=O)C(C(=O)OCC)NC(=O)C,371
C#CCCC(=O)O,329
C(CCCCCCO)CCCCCO,356
CC(C)[N+]([O-])=O,180
O=C1C=CC(=O)C=C1,387
CC(C)(C)c1ccccc1,213.5
Clc1cc2C(=NCc3nnc(C)n3c2cc1)c4ccccc4,501.25
CC1CC(C)C(C)C1,140.4
Cc1ccc2cccc(c2n1)O,345
C1CCC(=NO)C1,329
Cc1c(cccc1Cl)[N+]([O-])=O,309
COc1cc(ccc1OC)C(=O)OC,333
ClCc1cccc(CCl)c1,309
O=C(O)CCCCCCCCCCC,318
CC(=O)C(C)=O,270
FC(F)(C(F)(F)C(F)(F)F)C(F)(F)C(F)(F)C(F)(F)C(F)(F)C(F)(F)F,248
C[C@@]12CC[C@@H](C1(C)C)CC2=O,451
Fc1ccc(cc1)C(=O)CCCN2CCC3(CC2)N(CNC3=O)c4ccccc4,463
c1cc(ccc1CCC(=O)O)O,402
Ic1cc(I)c(O)c(I)c1,431
C1CCN(CC1)CCO,289
COC(=O)CCCCCCCCCCC(=O)OC,303
C1CCCCC1NC2CCCCC2,272
CS,152
CC1(COC(=O)C1O)C,363
[O-][N+](=O)CCC(=O)O,337
c1cc(c(cc1[N+](=O)[O-])Cl)C(=O)N,443
COC(=O)c1c(c(c(c(c1Cl)Cl)C(=O)OC)Cl)Cl,430
c1ccc2c(c1)c3ccccc3s2,372
c1c(cc(cc1[N+](=O)[O-])[N+](=O)[O-])C(=O)N,455
CC(C)(C)NCC(O)COc1ccccc1C2CCCC2,341
CCNc1nc(nc(n1)Cl)NCC,501
CC34CCC1C(CCC2=CC(=O)CCC12C)C3CCC4O,426
c1c4ccccc4cc3c1ccc2ccccc23,431
c1ccc2c(c1)[nH]c(=O)o2,413
NCCS,369
C(C(Br)(Br)Br)O,352
CC1(C(=O)NC(=O)N1)C,449
c1ccc(cc1)S(=O)(=O)c2ccc(cc2)Cl,365
c1ccc2c(c1)CCC2=O,313
c1ccc(cc1)OC(=O)c2ccccc2C(=O)Oc3ccccc3,348
c1ccc(cc1)C(=O)c2ccccc2C(=O)O,402
Cc1ccc(c(c1)C(=O)O)O,426
CC(=O)c1ccc(cc1O)O,417
Cc1ccccc1CBr,292
c1ccc2cc(c(cc2c1)O)O,437
c1ccc(cc1)c2cnc(o2)c3ccccc3,345
Cc1ccc2c(c1)nc(s2)C,313
Cc1ccccc1NC(=N)Nc2ccccc2C,450
c1c(cc(c(c1Cl)N)Cl)[N+](=O)[O-],462
C=Cc1ccc(cc1)[N+](=O)[O-],300
CCOc1ccc(cc1)[N+]([O-])=O,331
c1ccnc(c1)C#N,300
CC(C(=O)O)Oc1cccc(c1)Cl,388
c1cc(ccc1OCC(CO)O)Cl,353
C(CCl)C(=O)O,312
C(CSCCC(=O)O)C(=O)O,404
CCCCCCCCCCCCCCCCCC(=O)OCC,308
c1cc2ccc(cc2c(c1)N)O,481
Cc1nc2ccccc2s1,285
c1ccc2c(c1)C(=O)c3ccc(cc3C2=O)Cl,482
c1ccc(cc1)C(=O)c2ccc(cc2O)O,419
c1ccc(cc1)C(=O)Oc2cccc(c2)O,405
c1ccc(cc1)CNCCNCc2ccccc2,297
c1cc2cccc3Cc4cccc1c4c23,389
c1ccc2c(c1)ccc3c2nccc3,323
CC(=O)Nc1ccc(cc1)F,425
c1cc(c(cc1[N+](=O)[O-])F)O,392
c1ccc(c(c1)C(=O)O)C(F)(F)F,382
Cc1ccc(cc1F)N,306
CC(C)c2cc3ccc1c(cccc1C)c3cc2,372
CCCCCCCCCCCCCCCCCC(=O)CCCCCCCCCCCCCCCCC,360
CC(=O)c1ccc(c(c1O)O)O,444
CC(=O)Nc1ccccc1Cl,360
C1=CC(=O)NC1=O,365
CC(=O)Nc1ccccc1[N+](=O)[O-],365
COc1ccccc1OC(=O)Oc2ccccc2OC,360
Cc1cccc2c1cccc2C,353
c1cc(cc(c1)Cl)OCC(=O)O,381
CCCCNC(=O)N,368
C=CCSCC=C,190
Cc1c(cccc1[N+](=O)[O-])N,363
CN(C)c1cccc2c1cccc2S(=O)(=O)Cl,345
c1cc2cccnc2c(c1)[N+](=O)[O-],361
c1cc(c(cc1Br)C(=O)O)Br,428
c1cc(c2cccnc2c1)N,381
c1ccc2c(c1)ccc(n2)Cl,309
Cc1cccc(c1)c2cc(C)ccc2,280
O=[N+]([O-])c1cc(cc(N)c1)[N+]([O-])=O,434
OC(=O)c1ccc(C=O)cc1,520
c1cc(cc(c1)O)CC(=O)O,403
C(=O)NN,330
CC(C)(C)C#N,290
CC(C)CCC(=O)O,238
Cc1ccc(c(c1)O)[N+](=O)[O-],328
CC(C)(c1ccccc1)C(=O)O,354
Cc1ccc2cccc(c2n1)[N+](=O)[O-],411
c1ccc(cc1)SSc2ccccc2,333
Oc1c(Cl)ccc(Cl)c1Cl,329
Cc1cc(=O)cc(o1)C,407
CNc1ccc(Cl)cc1C(=O)c2ccccc2,367
C=Cn3c1ccccc1c2ccccc23,336
C[N+]([O-])(C)CCCCCCCCCCCC,405.5
CCCCCCCCCC(C)O,275
CCCCCCCCCCCC(C)O,298
COc1cccc(c1)CC(=O)O,343
c1cc(c(cc1CO)Cl)Cl,311
Cc1cccc(n1)N,316
CCCC#CCCC,170
COc1cc(O)ccc1OC,356
Clc1cc(ccc1)c2ccccc2,291
Cc1cccc(c1NC(=O)C)C,454
c1cc(nc(c1)Cl)Cl,359
CCCCCCCCOc1ccc(cc1)C(=O)O,376
c1cc(ccc1O)Sc2ccc(cc2)O,426
CCCCCCCCCCCCCCCCCCS,305
CCCCCCCCCCCCCCCCS,294
c1c(cc(c(c1C(=O)O)O)Br)Br,499
c1cc(c(cc1C(=O)O)Cl)O,442
Cc1c(cc(c(c1Br)O)Br)Br,355
c1cc(ccc1C(=O)NN)N,501
c1cc(ccc1C(=O)NN)Br,441
[O-]S(=O)(=O)CCN1CC[NH+](CC1)CCO,509
c1ccc(cc1)C(=O)c2ccncc2,343
O=S1(=O)CCN(CN1)CN2CCS(=O)(=O)NC2,427
c1cc(cc(c1)N=C=O)N=C=O,321
C1CC(=O)N(C1=O)Cl,421
CC(=O)Nc1ccc(cc1)C#N,478
c1cc(c(c(c1)Br)Cl)Cl,331
C(CC(CBr)(C#N)Br)C#N,323
c1cc(ccc1S)Br,348
CCC(=O)c1ccc(cc1)Br,319
c1ccc2c(c1)c(ccc2Br)Br,354
c1ccc(c(c1)C(=O)c2ccc(cc2)Cl)Cl,338
c1ccc(cc1)C(=O)Oc2cccc(c2)OC(=O)c3ccccc3,391
B(c1ccccc1)(O)O,490
c1c(c(cc(c1O)Cl)Cl)O,388
c1cc(c(c(c1)Cl)C(=O)O)F,431
c1ccc(c(c1)C(=O)N)F,389
Cc1cc(nc(n1)C)N,458
c1cc(ccc1C(=O)Cl)Br,313
Cc1ccc(cc1)S(=O)(=O)c2ccc(cc2)C,430
O=[N+]([O-])c1cccc(c1C(=O)O)C(=O)O,483
c1cc2cnccc2c(c1)[N+](=O)[O-],381
CCOC(=O)c1ccccc1[N+](=O)[O-],301
c1ccc2c(c1)c(ccn2)O,476
OCc1ccccc1CO,337
COC(=O)CC(=C)C(=O)OC,309
CCOC(=O)c1cc(cc(c1)[N+](=O)[O-])[N+](=O)[O-],365
BrCc1cccc(c1)CBr,348
CCCCCCCCCCCCCCCCCC(=O)C,328
c1ccc(c(c1)C(=O)O)OCC(=O)O,462
CCCCCCCCCCCCCC(=O)N,379
CC(=O)c1ccc2ccccc2c1O,372
OCc1ccc(Br)cc1,349
Cc1c(=O)[nH]c(=O)[nH]n1,486
Clc1cc2c(cc1Cl)C(=O)OC2=O,459
CC(C)(C)c1ccc(c(c1)N)O,436
c2cc1c(ccnc1c3nccc(c23)c4ccccc4)c5ccccc5,491
CCOc1ccc(cc1)C(=O)C,310
CC(C)(C)c1cc(cc(c1O)C(C)(C)C)C=O,461
c1cc(ccc1C(c2ccc(cc2)O)(C(F)(F)F)C(F)(F)F)O,433
c1ccc(c(c1)[N+](=O)[O-])F,265
c1ccc(cc1)P(CP(c2ccccc2)c3ccccc3)c4ccccc4,392
c1cc2c(cc[nH]2)c(c1)O,371
c1cc(c(cc1C(=O)O)N)Cl,489
Cc2nc(oc2c1ccccc1)c3ccc(cc3)c4nc(C)c(o4)c5ccccc5,505
c1c(c(sc1Br)Br)Br,300
c1ccc(cc1)Cn2ccnc2,344
Cc1c(cccc1OC)[N+](=O)[O-],326
COC(=O)c1cc(ccc1N)Cl,342
COc1cccc(c1)C(=O)NN,365
c1cc(cc(c1)N)CO,366
Clc1cc(C#N)cc(Cl)c1,337
c1cc(sc1)S(=O)(=O)Cl,303
OC2C1CCC(C1)C2O,414
C#CC1(CCCC1)O,298
c1ccc2c(c1)-c3ccccc3C2CO,377
c1cc(ncc1C(F)(F)F)Cl,304
CCOC(=O)C(=Cc1ccccc1)C(=O)OCC,303
Cc1nnc(s1)C,336
CC(C)C(O)C(C)(C)C,260
CCN1CCNC(=O)C1=O,383
c1cc(c(cc1F)[N+](=O)[O-])O,348
c1ccc(cc1)C(=O)CCC(=O)c2ccccc2,419
C1[C@H]2[C@@H]([C@@H](S1)CCCCC(=O)O)NC(=O)N2,503
c1cc2c(cc1[N+](=O)[O-])C(=O)OC2,416
c1cc(cc(c1)I)C=O,329
CC(C)(C)c1cc2nc(oc2cc1)c3ccc(s3)c4oc5ccc(cc5n4)C(C)(C)C,472
CCOC(=O)c1csc(n1)C,328
c1ccc2c(c1)CC(=O)N2,399
CCCC#CC(=O)O,298
c1cc(c(c(c1)F)F)C(=O)O,435
C[C@]12CC[C@H](C1(C)C)CC2=O,451
O=C(O)[C@H](O)[C@@H](O)C(O)=O,444
c1c(cc(c(c1F)C(=O)O)F)F,414
c1cc(cc(c1)Br)C(=O)NN,429
c1c(c(cc(c1F)F)F)C(=O)O,371
Fc1c(C#N)c(F)c(C#N)c(F)c1F,352
COc1cc(ccc1O)/C=C/CO,349
CCCCNC(=S)NCCCC,339
O=C1CC2CC(OCCC)CCC2(C)C2CCC3(C)C(CCC3OCCC)C12,434
O[C@@H](C=O)[C@H](O)[C@H](O)CO,355
O=[N+]([O-])c1ccc(cc1)C=NO,403
c1ccc(cc1)C(=O)/C=N/O,400
O=C(Nc1ccc(C)cc1)c1ccccc1,429
Oc3ccc1ccccc1c3/N=N/c2ccccc2,405
C(CCO)CCO,257
c1ccnc(c1)c2ccccn2,343
CC1=CC(=O)C(C(=O)O1)C(=O)C,384
O[C@H](COC(=O)CCCCCCCCCCCCCCCCC)[C@H]1OC[C@H](O)[C@H]1O,330
c1cnccc1c2ccncc2,386
c1ccc2c(c1)nccn2,303
O=[N+]([O-])c1cc(Br)ccc1,327
c1cc(c(cc1Cl)C=O)Cl,329
c1cc(c(c(c1)[N+](=O)[O-])Cl)[N+](=O)[O-],359
C1C2C(C(C1Cl)Cl)C3(C(=C(C2(C3(Cl)Cl)Cl)Cl)Cl)Cl,377
c1cc(c(c(c1)O)O)C(=O)O,479
Clc1ccc(Cl)c(O)c1,330
OCc1cc(O)ccc1,345
C(CCC(=O)O)CCC(=O)O,377
OC(=O)c1cc(Cl)ccc1,429
O=C(O)C(O)CC(=O)O,403
Oc1cccc2cccnc12,349
O=S(N)(=O)c1nnc(NC(C)=O)s1,533.5
O=C2C(N)=C(C)N(C)N2c1ccccc1,380
Oc2cccc1Cc3cccc(O)c3C(=O)c12,454
CC(C)(C)c1cc(O)c(cc1O)C(C)(C)C,491
OCc1ccccc1O,358
Clc1cc(cc(Cl)c1)C(=O)O,459
BrC(Cl)Cl,218
CCC1(CC)C(=O)CCNC1=O,375
CC(C)CBr,155
CC(C)CN,188
ClCC(Cl)Cl,238
COc1ccccc1c2ccccc2,303
O=C(C)Nc1ccccc1C(=O)O,457
c1cc(c(cc1Cl)[N+](=O)[O-])O,360
O=C1c3ccccc3Cc2ccccc12,429.5
CC(=O)c1ccc(cc1)c2ccccc2,393
COc1ccc2ccccc2c1,347
c1ccc2c(c1)ccc(n2)C(=O)O,431
c1ccc2c(c1)ccs2,303
Nc1cc(N)c(C)cc1,370
CC(C)(C)c1cc(ccc1O)C(C)(C)C,327.5
O=S(=O)(N)c1ccccc1,424
OC(=O)c1cc(N)ccc1,446
Cc1ccc(cc1N)[N+]([O-])=O,380.5
O=C(CBr)c1ccc(Br)cc1,382
O(P(Oc1ccccc1)Oc2ccccc2)c3ccccc3,296
CCCCCCCCCCCCCCCCC=C,289
OC(=O)c1ccccc1C=O,370
O=[N+]([O-])c1ccc(cc1)C(Cl)=O,348
Oc1ccc(C=O)cc1O,427
c1cnccn1,328
O[C@@H]([C@H](C)NC)c1ccccc1,309
CC(CN1CCOCC1)C(C(=O)N2CCCC2)(c3ccccc3)c4ccccc4,453
C1C(=O)NC(=O)N1,495
Cc1cc(c(c(c1)C)C(=O)O)C,427
Cc1cc(S)c(S)cc1,304
S=C=Nc2cccc1ccccc12,331
OC(=O)c1ccc(cc1)C(C)=O,482
Oc1cc(Cl)cc(Cl)c1,341
Oc1cccc(O)c1C,391
Cc1ccc(c(c1)C(=O)O)C,407
O=[N+]([O-])c1ccccc1CO,345
Brc1cc(Br)c(N)cc1,351
O=[N+]([O-])c1cc(CCl)ccc1,320
COC(=O)c1ccc(cc1)Br,352
Oc1cccc(NC(C)=O)c1,419
Nc1cc(Cl)cc(Cl)c1,326
CCCCCCCBr,215
CCCCCCCCI,227
CCCCCCCCCCCCCCCCCCCCC,312
O=Cc1ccc(Cl)cc1Cl,346
c1ccc2c(c1)c3c([nH]2)CCCC3,392
N#Cc2c3ccccc3cc1ccccc12,448
c1ccc(cc1)c2ccc(cc2)I,385
Nc4ccc1ccc2cccc3ccc4c1c23,389
OC1CCCCCCCCCCC1,349
CCCCCCCCCCC(=O)C,292
Nc1ccc(Br)c(C)c1,352
Oc1ccc(CC#N)cc1,344
BrC(Br)Cl,251
Cc1cccc(Cl)c1Cl,279
OCCCCCCCCCCO,345
c1ccc(cc1)C(=O)Oc2ccc3ccccc3c2,380
CC(C)(C)c1ccc(N)cc1,288
Cc1cncnc1,303
ClCC(CCl)(CCl)CCl,368
Cc1ccc(cc1Br)[N+]([O-])=O,349
CC(C(C(=O)O)Br)Br,359
COc1ccccc1c2ccccc2OC,427
Sc1nc2ccccc2s1,452
CC(=O)Nc1ccc(cc1F)Cl,429
Sc1ccccn1,402
Nc1ccc(cc1N)[N+]([O-])=O,472
O=C(N[C@@H](c1ccccc1)[C@@H](O)C(=O)O[C@H]5C[C@@]6(O)[C@@H](OC(=O)c2ccccc2)[C@H]4[C@@](C)([C@@H](O)C[C@H]3OC[C@]34OC(C)=O)C(=O)[C@H](OC(C)=O)C(=C5C)C6(C)C)c7ccccc7,487.5
O=C(CCCCC(=O)OCC)OCC,255
CC(=O)c1ccc(cc1)Cl,292
O=C2c1ccccc1C(=O)c3ccccc23,557
Nc1cccc(N)c1,338
ClCc1ccccc1,230
Fc1ccc(cc1)[N+](=O)[O-],294
ClC(Cl)(Cl)C#N,231
Cc1cc(C)c(Br)cc1C,344
N#CCC#N,307
COc1ccc(CO)cc1,299
Brc1cc(Br)cc(Br)c1N,394
FC(F)(F)C(=O)OC(=O)C(F)(F)F,210
N#CCCC#N,329
CCOc1ccc(cc1)OCC,343
Nc1cccc(Cl)c1Cl,297
O=Cc1ccccc1Br,295
COc1cc(ccc1OC)C(C)=O,324
CC(N)=O,354
Cc1ccccc1,180
N#Cc1c(Cl)cccc1Cl,417
NS(=O)(=O)c2cc1c(NCNS1(=O)=O)cc2C(F)(F)F,545
CC(C)O,183
Nc1ccccc1O,449
ClCCl,176
CC2(C)C(=C)C1CCC2C1,323
Nc1ccc(Cl)cc1[N+]([O-])=O,389.5
Cc1ccc(cc1C)[N+](=O)[O-],303.5
O=[N+]([O-])c1ccc(CCl)cc1,344
CCC(=O)CCCC,234
CCCCNCCCC,213
CCCCCCCCCCCCO,297
C1CCCCCCCCCCC1,334
Ic1ccc(O)cc1,365
COc1ccccc1C(=O)O,372
Nc1cccc(O)c1,398
N#Cc1ccc(C#N)cc1,498.5
O=Cc1ccc(C=O)cc1,389
COc1c(cc(cc1OC)C(=O)OC)OC,357
CC(C)[C@@H]1CC[C@@H](C)C[C@H]1O,315
C1=CC=C(C=C1)C2=CC(=C(C=C2Cl)Cl)Cl,351
O=[N+]([O-])c1cc(ccc1)C(=O)OC,351
O=C(C)c1ccc(C#N)cc1,331
Nc1ccc(CC#N)cc1,318
C[C@@H](c1ccc2cc(ccc2c1)OC)C(=O)O,428
COc1ccc(/C=C/C)cc1,294
O=C(/C=C/C(=O)OCC)OCC,274
Oc1cccc(O)c1O,405
CC(C)(C)c1ccc(cc1)O,372
OCCOc1ccccc1,285
Oc1ccccc1C(=O)OC,264
BrCc1ccccc1,270
O=[N+]([O-])c1ccccc1N,345
O=[N+]([O-])c1ccccc1Cl,305
CC(=O)CC(=O)OCC,230
Nc1ccc(OC)cc1,330
Clc1ccc(Cl)c(N)c1,321
COc1ccc(C=O)cc1,272
Nc1ccccc1C(=O)OCC,286
CC(=O)/C=C/c1ccccc1,314
N(=N/c1ccccc1)c2ccccc2,341.5
CC(C)CC1(CC=C)C(=O)NC(=O)NC1=O,411
C1=C(C(=NC(=N1)O)O)F,556
CCCCC1C(=O)N(N(C1=O)C2=CC=CC=C2)C3=CC=CC=C3,380
CC(C)NCC(O)COc1cccc2[nH]ccc12,443
C1=CC=NC(=C1)NS(=O)(=O)C2=CC=C(C=C2)N,463
CN(C)C(=O)NC1=CC=CC=C1,405
CCCCCCCCCCC=C,238
C1=CC=C(C(=C1)C(=O)O)[N+](=O)[O-],419
O=[N+]([O-])c1ccccc1CC#N,357
COC(=O)/C=C/C(=O)OC,377
Cc1ccc(c(c1)O)C,349
Oc1ccc(cc1)c2ccccc2,440
CC1=C(C2=C(N1C(=O)C3=CC=C(C=C3)Cl)C=CC(=C2)OC)CC(=O)O,432
Oc1cc(Cl)c(Cl)cc1,340
Oc1ccc(OC)cc1,329
C1=CC(=CC(=C1)Br)C(=O)O,430
C1=CC=C(C=C1)NC2=CC=CC=C2,326
C1=C(C=C(C=C1Br)Br)Br,395
O=C(O)/C=C/c1ccccc1,406
Oc1cc(Cl)ccc1,306
CCC1(C(=O)NC(=O)NC1=O)C2=CC=CC=C2,449
C1=CC=C(C(=C1)C(=O)N)O,415
C1=CC=C(C=C1)C2=CC=CC=C2,342
O=[N+]([O-])c1ccccc1O,317
C1=CC=C2C(=C1)C=CC3=CC=CC=C32,374
CCCCCCCCCCCCCCCCCCCCO,337
O=C(O)C1CCC(C(=O)O)(C)C1(C)C,460
c1ccc(c(c1)Br)Br,278
FC(F)(F)c1ccccc1,246
O=Cc1ccco1,237
CCCCCC(=O)O,270
CCCCCCCC=C,192
c1ccc2c(c1)cccc2C(=O)N,481
C=C(c1ccccc1)c2ccccc2,279
CC=Cc1ccccc1,244
O=C(C=C/C(=O)OCC)OCC,263
OCCOCCOCCOCCO,267
c1ccc(c(=O)cc1)O,326
Fc1ccccc1,233
Fc1c(F)c(F)c(F)c(O)c1F,308
CCCCCCCCCCCCCCCCCCCCCCCCCCCCC,339
O=C(OC)C(=O)OC,325
O=[N+]([O-])c1cc(C)ccc1[N+]([O-])=O,329
CCC(=O)c1ccc(cc1)Cl,308
N#Cc1cc(N)ccc1,325
CC(C)c1ccc(O)cc1,334
CC(C)C(=O)c1ccccc1,274
c1cc(ccc1)C2CCCCC2,278
CCCCCCCCC(=O)O,283
O=C(CCCCC(=O)OC)OC,281
CC[SiH2]CC,141
COc1cc(cc(c1OC)OC)C(=O)O,443
CN2C(=C(O)c1ccccc1S2(=O)=O)C(=O)Nc3ccccn3,471
C1=CC(=C(C(=C1)Cl)Cl)Cl,326
Cc1cc(cnc1)C,264
c1ccc(cc1)Cc2ccncc2,283
CC/C=C/CC,160
CC1=CC=C(C=C1)C(=O)O,454
CC(=O)NO,361
CC1(C(=O)NC(=O)O1)C,352
Clc2c(Cc1c(O)c(Cl)cc(Cl)c1Cl)c(O)c(Cl)cc2Cl,437
C([C@@H]1[C@H]([C@@H]([C@H]([C@H](O1)O[C@]2([C@H]([C@@H]([C@H](O2)CO)O)O)CO)O)O)O)O,461
c1ccc(cc1)[Si](c2ccccc2)(c3ccccc3)Cl,367
c1cc(ccc1C(=O)c2ccc(cc2)Cl)Cl,418
c1ccc2cc(c(cc2c1)C(=O)O)O,493
c1cc(c(cc1[N+](=O)[O-])C(=O)O)O,505
CC(C)C(=O)OC(=O)C(C)C,217
c1cc(ccc1C(=O)Cl)C(=O)Cl,354
c1ccc(cc1)NC(=Nc2ccccc2)Nc3ccccc3,417
O=NN1CN2CN(C1)CN(C2)N=O,480
c1cc(ccc1Cc2ccc(cc2)N)N,363
c1ccc(cc1)Cc2ccccn2,283
c1cnc(nc1)N,398
CC(CNCC(C)O)O,315
Cc1ccc(c(c1)[N+](=O)[O-])O,307
c1ccc2Sc3ccccc3Oc2c1,332.5
c1ccc(c(c1)C(=O)O)F,397
C1CC(=O)CC(=O)C1,376
c1cc(oc1)C(C(=O)c2ccco2)O,411
COc1ccc(cc1Cl)Cl,299
c1ccc2c(c1)cc(cn2)N,367
C1CC(=O)NC1=O,397
C(CBr)C(=O)O,333
c1cc(sc1)[N+](=O)[O-],317
Cc1cc2ncccc2cc1,309.5
CCNC(=O)NCC,383
CCCCCCCCCCCCCCCCCCCCCCCCCCCC,335
CCCCCCCCCCCCCCCCCCCCCCO,343
C1CCNC(=O)C1,310
c1ccc(cc1)CSc2ccccc2,314
OC1CCCCC1O,373
Cc1cccnc1N,304
c1cc(ccc1N=C=S)Br,331
CC(=O)CC(C)(C)NC(=O)C=C,328
CC1(C)CC(C)(c2ccccc21)c1ccccc1,323
CC(C)(CC(=O)O)CC(=O)O,374
COc1ccc(N)cc1Cl,323
c1(c(c(sc1Cl)Cl)Cl)Cl,301
O=[N+]([O-])c1c(C)ccc2C(=O)c3ccccc3C(=O)c12,541
c1c(cc(cc1Cl)Cl)CO,351
C(CCCCC(=O)Cl)CCCC(=O)Cl,268
CC(C)(C)c1cc(cc(c1O)C(C)(C)C)CN(C)C,364
C1CNCCNC1,314
Cc1ccc(cc1)C(=O)c2ccc(cc2)C,367
O=C(NC)NC(=O)C,451
COc1ccc(cc1)C(=O)OC(=O)c2ccc(cc2)OC,370
COC(=O)c1cc2ccccc2cc1O,346
c1ccc(c(c1)[N+](=O)[O-])SSc2ccccc2[N+](=O)[O-],467
CC(=C)c1ccc(cc1)C(=C)C,339
c1(c(c(sc1Br)Br)Br)Br,388
CC(=O)O[Si](C)(OC(=O)C)OC(=O)C,316
c1c(nc(cn1)Cl)Cl,327
COc1ccc(c(c1)OC)[N+](=O)[O-],347
O=C(OC(C)(C)C)N[C@H](C(=O)O)C,352.5
c1c(cc(c(c1Cl)Cl)Cl)[N+](=O)[O-],343
c1cc2c(cc1N)CCC2,308
COC(C(=O)c1ccccc1)c2ccccc2,320
Br[C@H]1O[C@H](COC(C)=O)[C@@H](OC(C)=O)[C@H](OC(C)=O)[C@H]1OC(C)=O,362.5
c1cc(oc1CO)C=O,307
C[Si](c1ccccc1)(c2ccccc2)c3ccccc3,340
COc1ccc(c(c1)N)OC,353
c1c(c(cc(c1Cl)Cl)Cl)N,367
BrCc1ccc(cc1)CBr,415
Clc1cc(Cl)ccc1OCC(=O)O,411
O=C(N)c1cc(N)ccc1,388
COc1ccccc1OCC(CO)O,354
OC(=O)CCc2nc(c1ccccc1)c(o2)c3ccccc3,434
C1CCCc2nnnn2C1,330.5
O=S(=O)(OCC)c1ccc(C)cc1,307
Cc2cnc1ccccc12,368
COc1cccc(OC)c1O,328
O=C(C)c1ccc(O)cc1,381
Oc1ccc(cc1OC)C(=O)O,484.5
CN(C)c2ccc(/N=N/c1ccccc1C(=O)O)cc2,453.5
COc1cc(cc(OC)c1O)C(=O)O,478
O=C(CCl)c1ccccc1,328
CC(=CC(=O)O)C,340
O=[N+]([O-])c1ccccc1C=O,319
Cc1ccc(CO)cc1,334
c1cc(ccc1Oc2ccc(cc2)Br)Br,331
CC(C)(C)c1cccc(c1O)C(C)(C)C,309.5
O=C4OC1(OC=C(C1=O)c2ccccc2)c3ccccc34,428
c1ccc(cc1)C(=O)CC#N,354
Cc1ccc(Cl)c(N)c1,304
O=C1C=C(C)C(=O)C(C)=C1,343
OC(=O)c1ccccc1C(C)=O,389
O=[N+]([O-])c1ccc(CO)cc1,367
COc1ccc(cc1O)[C@@H]2CC(=O)c3c(cc(cc3O2)O)O,503
C=Cc1ccc(cc1)N,297
OC3c1ccccc1c2ccccc23,426.5
S=C(Nc1ccccc1)Nc2ccccc2,427
COc1ccc2C[C@H]4N(C)CC[C@@]35[C@@H](Oc1c23)[C@@H](O)C=C[C@@H]45,428
NCCCCCCN,312
Nc1cc(Br)ccc1,290
Clc1cc(Cl)c(N)cc1,334
CC(C)c1ccc(C)cc1O,322
O=C(C)c1cc(N)ccc1,370
COc1cc(cc(OC)c1)OC,326
COc1ccc(C#N)cc1,332
c1ccc2c(c1)C(=O)OC2(c3ccc(cc3)O)c4ccc(cc4)O,533
C1(=C(C(=C(C(=C1Cl)Cl)Cl)Cl)Cl)[N+](=O)[O-],417
Nc2ccccc2c1ccccc1,324.5
C=CCC1(C(=O)NC(=O)NC1=O)c2ccccc2,429
Cc1ccc(cc1[N+](=O)[O-])[N+]([O-])=O,341.5
O=[N+]([O-])c1ccc(cc1)C(N)=O,475.5
N#Cc1cc(O)ccc1,355
Nc1ccc(Cl)cc1,345.5
C1=CC(=CC=C1C(=O)O)O,489
COc1cc(ccc1O)/C=C/C(=O)c2ccccc2O,401
C1=CC(=CC=C1N)S(=O)(=O)NC2=NC=CS2,473
C1=CC(=C(C=C1Br)Br)Br,317
O=Cc1ccc(Cl)cc1,319
C1=CC=C2C(=C1)C3=CC=CC=C3C4=CC=CC=C24,470
CC1=NC(=NC=C1)NS(=O)(=O)C2=CC=C(C=C2)N,508
NCCN,281.5
c1cc(cc(c1)[N+](=O)[O-])C(F)(F)F,268
O=C(C(c1ccccc1)(c2ccccc2)C[C@@H](N(C)C)C)CC,371.85
OC(C(=O)O)(c1ccccc1)c2ccccc2,424.5
C1=CC2=C3C4=C1C=CC5=C4C6=C(C=C5)C=CC7=C6C3=C(C=C2)C=C7,711
C=Cc1ccc(cc1)Br,278
c1ccc2cc(ccc2c1)OCCO,347
c1ccc2c(c1)CCC2O,325
O=[N+]([O-])c1ccc(cc1)C(C)=O,353
Oc1ccccc1Cl,280
c1ccc(cc1)[Si](c2ccccc2)(c3ccccc3)O,425
CCCCCCCO,237
CC(=O)C(=O)O,285
CCCCCCCCCC#N,258
CC(C)CC1=CC=C(C=C1)C(C)C(=O)O,349
C1=CC(=CC=C1Cl)Cl,328
C1CCC(C1)N,188
Cc1cccc(c1O)O,338
CCCCCCCCCc1ccc(cc1)O,318
c1csc(n1)N,363
NC(=O)NO,417
C1C(=O)NC(=O)S1,398
C(C(C(=O)O)S)C(=O)O,425
c1ccc(cc1)Nc2ccc(cc2)Nc3ccccc3,420
C(C(=O)N)Cl,391
CC(C)(c1ccc(cc1)O)c2ccc(cc2)O,429
c1ccc2c(c1)C(=O)c3c(ccc(c3C2=O)O)O,470
c1cc2cccc3c2c(c1)C(=O)C3=O,531
c1c(cc(c(c1C=O)O)Br)Br,356
O=C1c2ccccc2NC1=O,473
c1ccc(cc1)C(CBr)Br,345
O=C(CC(C)=O)c1ccccc1,332
Cc1cc2ccccc2[nH]1,331
Cc1ccc(cc1N)Cl,296
c1cc(ccc1S(=O)(=O)Cl)I,355
CC(C)Nc1ccc(cc1)Nc2ccccc2,350
CC(C)(CCC(C)(C)O)O,362
O=C(CCCCCCCCC(=O)OCC)OCC,275
c1cc(cc(c1)[N+](=O)[O-])C(=O)Cl,306
c1ccc(cc1)c2ccc(cc2)c3ccc(cc3)c4ccccc4,590
O=C(NNc1ccccc1)NNc2ccccc2,446
c1cc(ccc1CC(=O)O)F,356
c1cc(c(cc1F)O)[N+](=O)[O-],306
Cc1ccc(c(c1)O)O,341
C1CCOCO1,231
c1ccc(cc1)c2cc(=O)c3ccccc3o2,370
c1(c(c(c(c(c1Cl)Cl)Cl)Cl)Cl)N,505
C1=C(C(=O)C(=CC1=NCl)Br)Br,353
c1cc2cc(ccc2nc1)N,390
CC(=O)Nc1cccc(c1)Cl,350
c1cc2c(cccc2[N+](=O)[O-])c(c1)[N+](=O)[O-],489
CNC(=O)c1ccccc1,352
CCCCC(=O)N,376
c1ccc(cc1)n2cccc2,332
CCCCCCCCCCCCCCCCCCCCCCCC,324
C1CCC(=O)C(=O)C1,310
CCCCP(=O)(CCCC)CCCC,340
Cc1ccc2c(c1)ccc(n2)C,330
COc1ccc2c(c1)cc[nH]2,327
CC(=O)NN,337
CCCCCCCCC(C)O,268
CS(=O)c1ccccc1,302
c1ccc2c(c1)CCc3ccccc3C2=O,306
c1ccc(cc1)COc2ccc3c(c2)cc[nH]3,372
Cc1ccc(c(c1)C(=O)C)O,320
c1ccc(cc1)c2cnc(o2)c3ccc(cc3)c4ncc(o4)c5ccccc5,515
C=Cc1ccc(cc1)c2ccccc2,389
c1c(cc(c(c1Cl)O)Cl)C(=O)O,541
Nc1c(cc(cc1Cl)[N+]([O-])=O)[N+]([O-])=O,430
c1ccc2c(c1)cccc2CO,334
CCN1C(=O)c2ccccc2C1=O,349
CC(=O)Nc1cccc(c1)[N+](=O)[O-],425
CCCCCCCCP(=O)(CCCCCCCC)CCCCCCCC,325
CCOc1ccccc1O,299
COc1ccc(c(c1)[N+](=O)[O-])N,400
c1cc(cc(c1)F)CC(=O)O,319
Cc1ccc(c(c1)OC)OC,300
CCCCCCCCC#CCCCCCCCC(=O)O,318
COc1ccc(c(c1OC)C(=O)O)C=O,420
CNc1ccccc1[N+](=O)[O-],308
C(CCCCO)CCCO,333
c1c(c(c(c(c1F)F)NN)F)F,362
Cc1cc(nc(c1C#N)Cl)Cl,383
c1ccc2cc(ccc2c1)CBr,326
c1ccc(cc1)c2ccc(o2)c3ccccc3,361
c1ccc(cc1)c2ccc3ccccc3n2,356
CC(=O)c1ccc(cc1)OCC(=O)O,446
c1cc(ccc1N=C=S)[N+](=O)[O-],381
c1cc(c(cc1F)C(=O)O)F,403
c1cc(ccc1C#N)C(=O)N,500
c1ccc(c(c1)CC#N)C(F)(F)F,303
c1ccc(cc1)CS(=O)(=O)c2ccccc2,422
Brc1ccc(Br)c(N)c1,324
Cc1c(c(c(c(c1C)C)Br)C)C,435
c1ccc2c(c1)ccc(n2)C=O,341
COc1ccc2cc(ccc2c1)OC,426
O=C(O)C(C)(c1ccccc1)c1ccccc1,446
CCOC(=O)c1c[nH]nc1N,379
CC(O)CCCCCCCCCCCCCC,320
CCOc1ccc2ccccc2c1C=O,385
CC(C)(C)C(=O)CC#N,341
CC1CNCC(C)O1,188
N#Cc2ccccc2c1ccccc1,311
c1ccc(cc1)COC(=O)c2ccccc2C(=O)OCc3ccccc3,314
C[C@H](CCC(=O)O)[C@H]1CC[C@@H]2[C@@]1([C@H](C[C@H]3[C@H]2[C@@H](C[C@H]4[C@@]3(CC[C@H](C4)O)C)O)O)C,474
C1CCCCCCCOC(=O)CCCCCC1,308
Fc1cc(cc(F)c1O)C(=O)CC,400
CC(=O)Oc1ccc(cc1)c2ccc(cc2)OC(=O)C,437
c1cc(c(c(c1Cl)C(=O)O)N)Cl,425
C(/C=CCO)O,280
COC(=O)c1ccc(c(c1)[N+](=O)[O-])Cl,353
c1ccc(c(c1)/C=C/C(=O)O)[N+](=O)[O-],520
c1cc(oc1)/C=C/C=O,324
c1ccc(cc1)/C=C/C#N,292
Cc1nnc(s1)S,457
Nc1ccc(cc1)S(=O)(=O)NC(N)=S,455
c1cc(c(cc1N)[N+](=O)[O-])O,402
c1ccc(c(c1)C(=O)NN)[N+](=O)[O-],394
OC(C(=NO)c1ccccc1)c2ccccc2,427
c1ccc(cc1)/C=C/C(=O)c2ccc(cc2)Cl,372
c1cc(cc(c1)O)C[C@@H](C(=O)O)N,538
Cc1ccc(cc1)NC(=O)C,422
C(=C(Cl)Cl)(C(=O)O)Cl,346
C(=O)(C(F)(F)Cl)O,295
C(CC(=O)Cl)C(=O)Cl,290
O(C)c1ccc(N=Nc2ccccc2)cc1,326
c1cc(ccc1CC(=O)O)O,422
O=C(O)CO,353
O=C(O)CCCCCCCCCCCCCCCCC,341
CC(Cl)(Cl)Cl,240
IC(I)I,394.5
CC(C)(C)C(=O)O,306
O=C3c4ccccc4c2cccc1cccc3c12,443
Cc1ccc(Cl)cc1[N+]([O-])=O,312
Cc1cc(C)ccc1[N+](=O)[O-],280
ClC(c1ccccc1)c2ccccc2,289
c1cccc2nnnc12,370
Nc1cc(Cl)c(C)cc1,299
Nc1cc(Cl)ccc1O,416
FC(F)(F)c1ccc(Cl)cc1,237
OC(=O)c1ccc(cc1Cl)[N+]([O-])=O,412
N#Cc1ccncc1,349
Brc1ccc(NC(C)=O)cc1,439
C(COc1ccccc1)Oc2ccccc2,368
ClCc1ccc(Cl)cc1,303
Clc1ccc(Br)cc1,340
CCCCCCCCCCCCCCCCCCO,334
O=C1N(Cl)C(=O)N(Cl)C1(C)C,408
C1CCCCCCC1,285
Oc1ccc(Cl)cc1C(=O)O,444
N=C(N)NC#N,481
CC1CCC2CC1C2(C)C,220
c1ccc2Cc3ccccc3Cc2c1,382
COc1ccc(cc1)c2ccccc2,361
c1ccc(c(c1)CC(=O)O)O,419
Ic1ccccc1N,331
Brc1cc(Br)c(O)cc1,313
OC(=O)c1ccc(I)cc1,546
N#Cc1ccc(Br)cc1,384
N#Cc1ccc(Cl)cc1,365
CCCCCCCCCCCCCCCCCCCCCC,315
O=[N+]([O-])c1cc(N)ccc1Cl,373
O=C(O)CCCCCCCCCCCC,314.5
c1cc(oc1C(=O)O)[N+](=O)[O-],460
Nc2ccc(Cl)cc2C(=O)c1ccccc1,369
COc1ccc2nc(N)sc2c1,439
c1ccc(cc1)c2cccc(c2)[N+](=O)[O-],332
O=[N+]([O-])c1cccc(C(=O)O)c1Cl,454
Nc1cc(ccc1Cl)[N+]([O-])=O,391
OCc1ccccc1Cl,343
CC(C)c1cc(c(C)cc1O)C3(OC(=O)c2ccccc23)c4cc(C(C)C)c(O)cc4C,523
c1ccc(cc1)c2ccc(cc2)C(=O)O,498
COc1ccc(cc1C=O)OC,325
COC1=CC(=O)C=C(OC)C1=O,526
COc1cc(ccc1C=O)OC,345
Ic1ccc(OC)cc1,323
c1ccc(cc1)C(=O)c2ccc(cc2)C(F)(F)F,391
c1ccc(cc1)c2ccccc2C(=O)O,385
c1cc(ccc1C(=O)c2ccc(cc2)Br)Br,447
Clc1ccc(cc1Cl)C(C)=O,346
Oc1cc(ccc1)C(=O)OC,347
COc1cc2c(cc1)nccc2[C@@H](O)[C@@H]4C[C@@H]3CC[N@]4C[C@@H]3C=C,450
Brc1cc(/C=C/C(=O)O)ccc1,450
O=C(\C=C\c2ccc1c(cccc1)c2)\C=C\c2ccc1c(cccc1)c2,515
C(C(=O)O)Br,320
OCCOCCOCCO,269
CCc1ccccc1N,229
Ic1ccc(Cl)cc1,327
Oc1cc(Br)ccc1,304
Oc1cc(O)ccc1CCCCCC,338
Cc1cc(C)cc(C)n1,227
Nc1ccccc1Br,303
Cc1cc(C)c(Br)c(C)c1,275
CC(C)(C)c1ccc(Br)cc1,289
C1=CC=C(C(=C1)C(=O)O)N,417
CCCC=O,177
O=[N+]([O-])c1ccc(C=O)cc1,381
CC1=NC=C(N1C)[N+](=O)[O-],413
OCCN4CCN(CCCN2c1ccccc1Sc3ccc(Cl)cc23)CC4,367
O=C(CO)[C@@]3(O)CC[C@H]2[C@@H]4CC\C1=C\C(=O)\C=C/[C@]1(C)[C@H]4C(=O)C[C@@]23C,507
CNC(=O)Oc2cccc1ccccc12,415
OC(=O)c1ccc(Cl)cc1,516
CI,209
O=C1NC(=O)NC(=O)C1(CCCC)CC,401.5
OC(c1ccccc1)c2ccccc2,339
CC(=O)c1ccc2ccccc2c1,326
COC(=O)c1ccccc1,261
Cc1ccc(cc1)S(=O)(Cl)=O,341
CCCCCCC(=O)O,264
CC(=O)CCCCCCCCC,285
CCCCOCCCC,175.1
Oc1ccccc1NC(C)=O,478
O=C(OC)OC,274
ICCI,353
Ic1ccc(cc1)[N+](=O)[O-],449
CC(=O)c1ccc(cc1)I,356
OCCCCCCO,318
O=[N+]([O-])c1cc(ccc1Cl)[N+]([O-])=O,326
Cc1cc(c(cc1Cl)C)Cl,342
Oc1ccc(Cl)cc1,317
O=C(Cc1ccccc1)Cc2ccccc2,305
O=[N+]([O-])c1cc(Cl)ccc1,318
O=[N+]([O-])c1cc(ccc1)C(C)=O,354
CCCC(=O)O,268
O=[N+]([O-])c1ccc(O)cc1,388
NC(=O)c1cnccn1,462
CC(=O)OCCC,178
C1=CC=C(C(=C1)C(=O)O)Cl,413
CCCCCCCCCO,266
C1=CC=C2C(=C1)C(=O)C3=CC=CC=C3S2,484
C(#Cc1ccccc1)c2ccccc2,333
C1(CC1)C(=O)O,291
Cc1cc(cc(c1)O)C,336
O=C(OCc1ccccc1)c2ccccc2,291
Cc1ccc(cc1)[N+](=O)[O-],324
O=C(O)CCC(=O)O,458
CC(C1=CC2=C(C=C1)C=C(C=C2)OC)C(=O)O,428
C1=CC=C(C=C1)C(C(=O)C2=CC=CC=C2)O,410
C1=CC(=C(C=C1Cl)Cl)O,315.5
Oc1cccc(Cl)c1Cl,329
C1=CC=C2C3=C4C(=CC2=C1)C=CC5=C4C(=CC=C5)C=C3,449
OC(=O)Cc1ccccc1,352
C1=CC=C2C=C3C=CC=CC3=CC2=C1,489.3
C1=CC=C(C=C1)/C=C/C2=CC=CC=C2,398
CN1C=NC2=C1C(=O)N(C(=O)N2C)C,509
CCN(CC)CCCC(C)Nc1ccnc2cc(Cl)ccc12,360
CCCC=C,108
CCI,165
CCCCCCOCCO,231
CCCCCCCCCCCCCCCCCCN,329
CC=C(/C)CC,135
Cc1ccccc1O,306
CCCCCCCCCCCC(=O)CCCCCCCCCCC,340
CCC(=O)N,351
Cc1ccccn1,203
CCCCC1CCCCC1,198
Cc1cccc(C)c1O,322
CC1=CC(=CC=C1)C(=O)O,383
CCCCCCCCCCCCI,270
Clc1ccc2NC(C)=NS(=O)(=O)c2c1,603.5
CC(=NNC(=O)c1ccncc1)c2ccco2,472
NC(N)=O,409
O=Cc1ccccc1Cl,282
C1=CC(=CC=C1N)Br,339
CCC1(CCC(=O)NC1=O)c2ccccc2,360.5
c1ccc(cc1)Nc2ccccc2C(=O)O,460
O=S(=O)(NC1CCCCC1)c2ccc(C)cc2,357.5
CC(C)CNCC(C)C,196
COC,135
c1c(cc(c(c1C(=O)O)O)Cl)Cl,497
CN(C)c1ccc(cc1)C(=O)c2ccccc2,362
CC(=O)c1ccc(cc1O)OC,322
c1nncn1N,359
O=Nc1ccccc1,338
CC(C)(C(=O)O)O,352
CN(C)C(=O)N,453
c1cc([nH]c1)C=O,316
C=CCN1C(=O)N(CC=C)C(=O)N(CC=C)C1=O,297
Cc1ccc(cc1Cl)O,325
c1ccc(cc1)P(=O)(O)O,434
c1ccc(cc1)C2(CCCCC2)O,333
C(P(=O)(O)O)P(=O)(O)O,476
CCCCCCCCCCCCCC=O,297
O=C=Nc1ccc(cc1)N=C=O,367
CCCCCCCCOC(=O)c1cc(c(c(c1)O)O)O,372
CN(C=O)c1ccccc1,284
CCOc1ccc(cc1OC)C=O,334
c1cc2cccc(c2c(c1)N)N,336
CCc1[nH]cc(n1)C,320
c1ccc(cc1)C(c2ccccc2)C(=O)Cl,326
CC(=O)NC(=O)CN,411
CS(=O)(=O)c1ccc(cc1)C(=O)O,546
C/C(=C/C(=O)O)/C(=O)O,363
CC=C(C)CC,138
B(c1ccccc1C)(O)O,436
CCC/C=C/C(=O)O,306
CC(=O)Nc1ccc(cc1)N,436
c1ccc(c(c1)C(=O)Cl)C(=O)Cl,285
c1cc(cnc1)N,334
c1c(cc(c(c1Cl)N)Br)Cl,353
c1cncc(c1N)N,492
CCO[Si](OCC)(OCC)OCC,187
C(c1c(c(c(c(c1F)F)F)F)F)O,307
Cc1ccc2c(c1)nc[nH]2,388
Cc1ccc(cc1)c2ccccc2,319
CP(=O)(O)O,379
n2cnc(NCc1ccccc1)c3ncnc23,504
Cc1ccc[nH]c1=O,413
NNC(=O)NN,430.5
c1cc(ccc1CC#N)C(F)(F)F,318
NCCCCCO,308
O=[N+]([O-])c1cc(Br)ccc1Br,355
CC(N)=S,388
C[C@@H](CN)O,298
Oc1ccccc1C=Nc2ccccc2,324
c1cc(oc1)C(=O)O,403
COc1ccc(Br)cc1,283
N#Cc1ccc(cc1)C(c2ccc(C#N)cc2)n3cncn3,454
O=[N+]([O-])c1cc(ccc1N)[N+]([O-])=O,449.5
BrCCCCBr,253
Clc1ccc(CC(=O)O)cc1,376
OC(=O)c1cc(Cl)ccc1Cl,425.5
COC(=O)c1ccccc1C(=O)OC,275
Cc1cc(N)c(C)cc1,285
Cc1ccc(Br)cc1,301.5
Oc1c(cccc1OC)C=O,314
O=[N+]([O-])c1ccc(Cl)cc1Cl,303.5
Clc1cc(O)c(Cl)cc1Cl,342
Fc1ccc(O)cc1,318.5
CC1=C2C=CC=CC2=CC3=CC=CC=C13,351
C[C@]12CCC(=O)C=C1CC[C@@H]3[C@@H]2C(=O)C[C@]4([C@H]3CC[C@@]4(C(=O)CO)O)C,498
Cc1cccc(c1C)O,345
C1=C(C=C(C(=C1Cl)Cl)Cl)Cl,324.5
NC(=O)c1ccccc1,400
OC2(CCN(CCCC(=O)c1ccc(F)cc1)CC2)c3ccc(Cl)cc3,421
CC1=C(C(=C(C(=C1C)C)C)C)C,440
COC(=O)C1=CC=C(C=C1)N,387
Clc1cccc(Cl)c1O,341.5
CCOC1=CC=C(C=C1)NC(=O)C,408
CCCCOC(=O)C1=CC=C(C=C1)O,342
C1COCCN1CCO,275
CC1CCC(CC1)C(C)C,183.1
O=C(O)CCCCCCCCC(=O)O,407.5
Fc1cccc(O)c1,283
CC(CC)(CO)CO,317
CC(C)CC(=O)O,240
OC1CCCC1,254
Oc3cc4CC[C@@H]1[C@H](CC[C@]2(C)C(=O)CC[C@@H]12)c4cc3,528.25
FC(F)(F)CC(F)(F)F,175
COC(=O)c1ccc(C)cc1,310
COc1ccccc1CC#N,339
Nc1ccc2cc3ccccc3cc2c1,508
C1(=C(C(=C(C(=C1Cl)Cl)Cl)Cl)Cl)Cl,503
[O-][N+](=O)NC/1=N/CCN\1Cc2cnc(Cl)cc2,413.1
O=C(CCCCCCC)OCC,226
FC(F)(F)C(F)C(F)(F)F,142
c1cc(ccc1)c2ccc(cc2)c3ccccc3,486
Oc1ccc(Br)cc1,339
NCCC(=O)O,469
CCCC(N)C(=O)O,576
c1ccc2c(c1)c(c[nH]2)CCN,387
B(c1ccccc1)(c2ccccc2)OCCN,462
CC(=O)Nc1ccc(cc1)OC,400
CCCCC(COP(=O)(OCC(CC)CCCC)OCC(CC)CCCC)CC,203
c1ccc2c(c1)C(=O)NC2=O,507
CN(C)c1ccc(cc1)C(=O)c2ccc(cc2)N(C)C,448
CCN(CC)c1ccc2c(c1)OC(=O)C=C2C,343
c1cc2c(cc1C(=O)O)OCO2,506
Cc1cc(cc(c1)C(C)(C)C)C,251
c1ccc(cc1)CNc2ccc(cc2)O,357
C1CCNCC1,262
C12C(C(=O)OC1=O)C3(C(=C(C2(C3(Cl)Cl)Cl)Cl)Cl)Cl,510
c1ccc2c(c1)nc(s2)N,401
c1cccc5c1cc4c2c5cccc2c3ccccc34,437
c1ccc(cc1)NC(=O)NN,397
CC(C)C(C)(C)O,263
c1ccc(c(c1)CCl)Cl,260
Oc1ccc(cc1Cl)[N+]([O-])=O,379
c1ccc2c(c1)ccc(c2C=O)O,352
Cc1ccc(cc1)P(c2ccc(cc2)C)c3ccc(cc3)C,418
c1ccc(cc1)C(=O)c2cc(ccc2N)[N+](=O)[O-],440
OCc2cc(Oc1ccccc1)ccc2,283
C(C(CO)(CO)COCC(CO)(CO)CO)O,490
C=CCC(=O)O,234
c1cc(c(cc1[N+](=O)[O-])C=O)O,398
C(=O)(C(C(C(=O)O)(F)F)(F)F)O,388
Oc1ccc(C[C@H](NC(C)=O)C(=O)O)cc1,422
c1cc(c(cc1C(=O)O)O)[N+](=O)[O-],507
c1ccc(cc1)C(=O)Oc2ccc(cc2)[N+](=O)[O-],416
O=C1CCCCCCCCC1,297
Cc1cc(c(c(c1C)Br)C)C,333
c1cc(c(cc1Br)CO)O,382
COc1ccccc1C(=O)c2ccccc2,310
COC(=O)c1cc(ccc1O)Cl,319
CC(C)N(CC)C(C)C,223
C[Si](C)(C)C#C[Si](C)(C)C,295
c1cc(cc2c1cc(cc2)O)O,497
c1ccc(cc1)N/C=N/c2ccccc2,411
CCOC(=O)C(c1ccccc1)(c2ccccc2)O,303
c1ccc(c(c1)C=O)C#N,377
O[C@H](c2ccnc1ccccc12)[C@@H]4C[C@@H]3CC[N@]4C[C@@H]3C=C,473
c1cc(ccc1CC(=O)O)C(F)(F)F,353
c1ccc(c(c1)/C=C/C(=O)O)C(F)(F)F,475
O=C1CCC2C3CCC4CC(OCc5ccccc5)CCC4(C)C3CCC12C,489
c1ccc(cc1)COC(=O)/C=C/c2ccccc2,308
O=C1c3c(O)c(OC)c(O)cc3OC(=C1)c2ccc(OC)cc2,498
O=[N+]([O-])c1ccc(cc1)C=Cc1ccc(N)cc1[N+](=O)[O-],471
OC[C@@H](O)[C@H]1O[C@@H]2O[C@@H](O[C@@H]2[C@H]1O)C(Cl)(Cl)Cl,460
FC(F)(F)C(=O)C(F)(F)F,144
Cc1ccccc1CCl,271
c1ccc(cc1)Nc2ccc(cc2)O,342
Cc1ccnc(c1)C,213
CCN(CC)c1ccc(cc1)Br,307
CC2Nc1cc(Cl)c(cc1C(=O)N2c3ccccc3C)S(N)(=O)=O,525
CC(C)(C)CO,327
CCC(C)(C)O,261
C1=CC=C2C(=C1)C(=O)C3=C(C2=O)C(=CC=C3)Cl,432
O=C3c1ccccc1C(=O)c2c3cccc2N,523
Oc1cc(C)c(Cl)cc1C(C)C,332
Cc1ccccc1CO,312
O=C1CCN(N1)c2ccccc2,395
CN(C)c1cccc(O)c1,356
Cc1cc(C)cc(c1)[N+](=O)[O-],347
O=C(Oc1ccccc1)Oc2ccccc2,352
CC(C)CC(C)C,150
CCCCCCCCCCC=O,271
O=C(Cl)c1ccc(Cl)cc1,286
C1CCOCC1,224
CCCCCCCCCCN,286
O=C(O)C(S)C(S)C(O)=O,470
Ic1cc(cc(I)c1O)[N+]([O-])=O,430
Fc2cccc1ccccc12,260
CC(C)(C)Br,253
CC(C)C1(CC(Br)=C)C(=O)NC(=O)NC1=O,450
CN=C=S,308
CC(C)(C)c1cccc(c1)O,318
CC(=O)CCC(=O)O,302
CC(C)CCCCC,164
Brc1c(O)c(Br)c(Br)c(Br)c1Br,503
CC(O)(C)c1ccccc1,307
O=[N+]([O-])c1ccc(C#N)cc1,422
N#Cc1cccc(C)c1,250
Oc2ccc(Oc1ccccc1)cc2,353
CC(=O)c1ccco1,302.5
Cc1cc(Cl)ccc1O,320
c1cc(ccc1C#N)c2ccc(cc2)C#N,507
OC(=O)c1cccc(C#N)c1,496
CC1(OC(=O)CC(=O)O1)C,367
Cc1ccc(cc1)C(=O)N,436
Cc1cc(nc2c1cccc2)Cl,328
CC(=O)Oc1ccc(cc1)OC(=O)C,394
N#Cc1ccccc1N,321
CC(=O)Nc1ccc(cc1)C=O,429
CCC(=O)CCCCCCCC,286
COc1ccc(cc1)C=Nc2ccccc2,338
N(=C/c1ccc(N(C)C)cc1)\c2ccccc2,372
C1CC=CCCCC1,257
COc1ccc(cc1)/C=C/C(=O)c2ccccc2,348
C1CNCCN1,383
OCCOCCOCC,197
COCCOCCOC,209
O=Cc1cc(O)ccc1,378
c1ccc(cc1)OCCCl,297
Oc1ccccc1OC,301
COc1ccc(cc1C(=O)NCCc2ccc(cc2)S(=O)(=O)NC(=O)NC3CCCCC3)Cl,446
c1ccc(cc1)CCCC(=O)O,324
O=C2c3ccccc3c1ccccc1C2=O,483
Cc1cccc(C)c1N,281
CC(C)CC(C)=O,193
CCCCCCN,250
OCC(CO)(CO)CO,533.5
C1C2=CC=CC=C2C3=CC4=CC=CC=C4C=C31,483
COC1=CC=CC(=C1)C(=O)O,379
Cc1c(cccc1[N+](=O)[O-])[N+]([O-])=O,338
O=[N+]([O-])c1ccccc1CCl,320
Clc1c(OC)cc(Cl)c(Cl)c1Cl,357
O=C(C)Nc1ccc(cc1)C(=O)O,529
O=C(C)c1cccc(c1)C(C)=O,309
C1=CC(=CC=C1[N+](=O)[O-])OC2=C(C=C(C=C2)C(F)(F)F)[N+](=O)[O-],363
CCc1ccc(O)cc1,316.5
Ic1ccccc1[N+](=O)[O-],323
Oc2ccccc2c1ccccc1,330
ClC(Cl)(Cl)c1ccccc1,268
OCC=Cc1ccccc1,303
COc1ccc(OC)cc1,331
CCCC(=O)Nc1ccc(OCC(O)CNC(C)C)c(c1)C(C)=O,392
C1=CC=C2C(=C1)C3=CC=CC=C3N2,520
O=C(Oc1ccccc1)c2ccccc2,343
CN(C)C(=O)NC1=CC=C(C=C1)Cl,447
C1=C(C(=CC(=C1Br)Br)Br)Br,455
O=[N+]([O-])c1ccc(N)cc1,421
O=S(=O)(N(CCC)CCC)c1ccc(cc1)C(=O)O,468
C1=CC=C2C(=C1)C=CC3=CC4=C(C=CC5=CC=CC=C54)C=C32,542
C1=CC=C(C(=C1)C(=O)O)Br,422
O=[N+]([O-])c1cccc(O)c1,370
C1=CC(=CC=C1C(=O)O)Br,526
C1=COC(=C1)CNC2=CC(=C(C=C2C(=O)O)S(=O)(=O)N)Cl,479
C1=CC(=C(C=C1[N+](=O)[O-])Cl)Cl,314.3
C1=CC=C(C=C1)CCC2=CC=CC=C2,325
C1=CC=C2C(=C1)NC3=CC=CC=C3S2,460
COC(=O)C1=CC=C(C=C1)O,404
CCOC(=O)C1=CC=C(C=C1)N,362
C1=CC=C(C(=C1)C(=O)O)O,432
C=CC=C,160
CC#N,227
CCCCOCCO,198
CCCCCCCCCCCCCCCCCO,330
Cc1cccc(c1)C=C,191
CC(O)(C#C)c1ccccc1,321
CC1=CC=CC=C1C(=O)O,381
BrCCCCCCBr,275
c1cc(cc(c1)I)I,309
OCCCCO,291
CC1CCC(C)C1C,156.6
C(C(CO)([N+](=O)[O-])Br)O,400
c1ccc(cc1)COC(=O)CCC(=O)OCc2ccccc2,318
COc1ccc(c(c1)O)C(=O)c2ccc(cc2O)OC,408
c1c(cc(c(c1C(=O)O)O)I)I,504
c1cc(ccc1C(=O)c2ccc(cc2)F)F,381
c1ccc(c(c1)c2ccccc2C(=O)O)C(=O)O,502
O=C(O)c4ccccc4C=2c3cc(Br)c(O)c(Br)c3OC=1C=2C=C(Br)C(=O)C=1Br,573
CCCCCCCCCCCCCCCC(=O)OCC(COC(=O)CCCCCCCCCCCCCCC)OC(=O)CCCCCCCCCCCCCCC,335
C(CCCO)CCCO,291
CC12CCC(C1)C(C)(C)C2O,321
CC(=O)N1CCOCC1,283
CCCCCCCCCCCCCCCCC#C,300
O=C1C=CC(=O)C2C3C=CC(C3)C12,346
CCOC(=O)C(C(=O)OCC)NC=O,326
c1cnc([nH]1)S,498
CN3[C@H]1CC[C@@H]3[C@H]([C@H](C1)OC(=O)c2ccccc2)C(=O)OC,371
CC(C)(C(=O)O)Br,317
C(C(=O)O)(Cl)Br,300
CN(C)c1ccc(cc1)Cc2ccc(cc2)N(C)C,360
CN(C)CC(=O)O,454
C(CCCC(=O)O)CCCC(=O)O,375
CCC(=O)N(C1CCN(CC1)CCc2ccccc2)c3ccccc3,356
n1c3ccccc3nc1c2cscn2,577.5
CC1CNC(C)CN1,387
Clc1cc(Cl)cc(Cl)c1N,347
C(CCl)P(=O)(O)O,343
OC1c3ccccc3Oc2ccccc12,396
COc1ccc2c(c1)c(ccn2)[C@@H]([C@H]3C[C@@H]4CC[N@]3C[C@@H]4C=C)O,443
CC(C)(N)CO,303
COc1c(cccc1OC)OC,318
Oc1ccc(O)cc1,448
N#Cc1ccccc1O,366.5
C(CCl)O,210
CC/N=C/1\N/C(=N/C(C)C)/NC(=N1)Cl,450
CC1=CC(=NO1)NS(=O)(=O)C2=CC=C(C=C2)N,441
Ic1ccccc1O,311.5
C1=CC2=C3C(=C1)C4=CC=CC5=C4C(=CC=C5)C3=CC=C2,551
CN1C2=C(C(=O)N(C1=O)C)N=CN2,547
C1C2=CC=CC=C2C3=CC=CC=C31,389
CC=O,149
CC(C)(C)C(O)C(Oc1ccc(Cl)cc1)n2cncn2,408.5
COB(OC)OC,239
CC(C1=CC(=C(C=C1)C2=CC=CC=C2)F)C(=O)O,387
c1cc(ccc1F)Cl,251
c1cnccc1O,418
ClCCOCCCl,226
FC(F)F,113
OC1CCCCC1,294
c1cc2c(cc(c(c2nc1)O)Br)Br,474
O=C1NC(=O)NC(=O)C1(CC=C)C(C)CCC,368
N[C@@H](Cc1cncn1)C(=O)O,555
CC(C)(C)OO,270
O=S(=O)(OC)OC,241
Cc1ccc2c(c1)C(=O)c3ccccc3C2=O,445
Clc1c(CC(=O)O)c(Cl)ccc1Cl,429
c1ccc2cc(ccc2c1)S(=O)(=O)Cl,349
C(C(=O)O)OCC(=O)O,416
CCCCCCCCCCCCN(C)C,253
OC(=O)c1cccc(c1)C(=O)O,615
CC(=O)Nc1cccc(c1)F,361
c1ccc(cc1)CC(=O)c2ccccc2,328
c1cc2c(cc1CO)OCO2,326
Cc1ccccc1C(=O)N,415
c1cc2c(cc1C(=O)O)C(=O)OC2=O,440
CC(C)C(C(=O)O)Br,312
c1cc2cccnc2c(c1)N,338
c1ccc2c(c1)cc3ccccc3c2[N+](=O)[O-],414
c1cc2c(c(c1)[N+](=O)[O-])C(=O)NC2=O,492
O=C2C=C(Oc1c3ccccc3ccc12)c4ccccc4,426
c1ccc2c(c1)CC(=O)C2,327
Cc1c[nH]cn1,324
CCCCP(CCCC)CCCC,213
c1cc2c(cc1O)CCCC2,335
[nH0]1cc2ccccc2cc1C,336
c1cc(ccc1SSc2ccc(cc2)Cl)Cl,346
c1cc2c(cc1O)CCC2,326
CC(=O)c1cc2ccccc2o1,344
c1ccc2c(c1)C(=O)OC23c4ccc(cc4Oc5c3ccc(c5)O)O,593
CC1OC1C,188
c1cc(ccc1CBr)C(=O)O,498
c1cc(ccc1OCC(=O)O)Cl,432
c1ccc2c(c1)C(=O)c3c(ccc(c3C2=O)N)N,536
Cc1cc(c(c(c1NC(=O)CN(CC(=O)O)CC(=O)O)C)Br)C,467
c1ccc(cc1)CCC(=O)Cl,266
CC1(C(=O)NC(=O)N1CO)C,378
c1cc2c3c(c1)CCCN3CCC2,308
FC=1C(=O)C(F)=C(F)C(=O)C=1F,452
c1cncnc1N,423
CCNC(=O)C(=O)NCC,453
c1ccc(cc1)C(=O)c2cccc(c2)Br,349
CN1C(=O)CCC1=O,339
c1ccc(cc1)CCCCCC(=O)O,291
Cc1cc(c2ccccc2n1)N,437
Cc1cc(ccc1OC)OC,293
O[C@@H]1[C@@H](O)[C@@H](O)[C@@H](CO)O[C@H]1OC,445
C(=O)(OC(Cl)(Cl)Cl)OC(Cl)(Cl)Cl,357
c1cc(ccc1CC#N)I,326
O=C(O)[C@@H](O)[C@H](O)C(O)=O,446
COC(=O)CS(=O)(=O)c1ccccc1,303
c1ccc(cc1)c2ccc(cc2)C(=O)N,501
S=C(N)Nc1ccccc1,422
Cn1c(nnn1)S,400
O=C(C=C1Cc2ccccc21)c1ccccc1,323
CCOC(=O)c1cccc(c1)[N+](=O)[O-],315
C(C(C(=O)O)N)C(=O)O,548
Clc4cc5NC(=O)N(C3CCN(CCCN1c2ccccc2NC1=O)CC3)c5cc4,510.5
O=C1NC(=O)NC(=O)C1(C(C)C)CC,476
c1ccc2c(c1)cccc2CC(=O)O,403
Oc1ccc(cc1)c2ccc(O)cc2,551
ClCC(=O)OCC,247
CC(O)COC,176
CCCCCCC(=O)C,257
CCCCCCCN,250
O=C(O)CCCCCCCCCCCCCCCCCCCCC,349
C[Si]1(C)O[Si](C)(C)O[Si](C)(C)O1,333
Brc1ccc2ccccc2c1,327
O=C(N)c1ccc(Cl)cc1,446
CC(=O)c1c[nH]c2c1cccc2,462
c1cccc4c1c(c2ccccc2c4c3ccccc3)c5ccccc5,522
Clc1cccc(Cl)c1Br,339
c1c(cc(cc1Cl)Cl)C=O,336
COC(=O)c1ccc(cc1)C#N,340
Cc1cc(ccc1Br)O,332
CCOC(=O)c1cc(n[nH]1)C,355
Sc1nc2ccccc2n1,576
C1C(=O)NC(=O)N1/N=C/C2=CC=C(O2)[N+](=O)[O-],541
O=C(N)c1ccccc1N,386
NCCNCCN,238
Cc1ccc(c(c1)C)O,295
CCC(CCCC)COC(=O)c1ccccc1C(=O)OCC(CC)CCCC,223
c1ccc(c(c1)C(=O)O)OP(=O)(O)O,437
O=C2C=C(C)C(=O)c1ccccc12,375
C[C@]12C[C@@H]([C@H]3[C@H]([C@@H]1CC[C@@]2(C(=O)CO)O)CCC4=CC(=O)C=C[C@]34C)O,513
C1=CC=C2C(=C1)C=CC=C2[N+](=O)[O-],335
CCCC(=O)OCC,180
c1ccc2CCCCc2c1,242
CC(C)(c1ccc(O)cc1)c2ccccc2,344.5
OCc1ccc(Cl)cc1,344
O=[N+]([O-])c1cc(C=C)ccc1,268
CC(C)(CO)CO,398
OC(=O)c1cc(ccc1O)c2ccc(F)cc2F,488.5
CC=2CCC[C@](C)(C)C=2/C=CC(C)=CC=CC(C)=CC=CC=C(/C)C=CC=C(/C)C=CC1=C(C)CCC[C@@]1(C)C,451
C1=CC(=CC=C1C(=O)O)[N+](=O)[O-],513
C1CC(=O)NC(=O)C1N2C(=O)C3=CC=CC=C3C2=O,548
C[C@]12CC[C@H]3[C@H]([C@@H]1CC[C@@H]2O)CCC4=C3C=CC(=C4)O,449
C1=C(C=C(C(=C1Cl)O)Cl)Cl,338
c1ccc(c(c1)C(F)(F)F)N,239
